#
# A fatal error has been detected by the Java Runtime Environment:
#
#  SIGSEGV (0xb) at pc=0x0000797903fc3290, pid=1404558, tid=1404582
#
# JRE version: Java(TM) SE Runtime Environment (23.0+37) (build 23+37-2369)
# Java VM: Java HotSpot(TM) 64-Bit Server VM (23+37-2369, mixed mode, sharing, tiered, compressed oops, compressed class ptrs, g1 gc, linux-amd64)
# Problematic frame:
# C  [libsylvan-java4443364009180268373.so+0xd290]  lace_get_head+0x0
#
# Core dump will be written. Default location: Core dumps may be processed with "/usr/lib/systemd/systemd-coredump %P %u %g %s %t %c %h" (or dumping to /home/augists/PNDD/core.1404558)
#
# If you would like to submit a bug report, please visit:
#   https://bugreport.java.com/bugreport/crash.jsp
# The crash happened outside the Java Virtual Machine in native code.
# See problematic frame for where to report the bug.
#

---------------  S U M M A R Y ------------

Command Line: -XX:+ShowCodeDetailsInExceptionMessages application.nqueen.NDDSolution

Host: Intel(R) Core(TM) i5-8500 CPU @ 3.00GHz, 6 cores, 31G, Arch Linux
Time: Tue Jun  3 15:51:47 2025 CST elapsed time: 0.092383 seconds (0d 0h 0m 0s)

---------------  T H R E A D  ---------------

Current thread (0x00007979041f82c0):  JavaThread "ForkJoinPool.commonPool-worker-1" daemon [_thread_in_native, id=1404582, stack(0x00007978c70e4000,0x00007978c71e4000) (1024K)]

Stack: [0x00007978c70e4000,0x00007978c71e4000],  sp=0x00007978c71e2248,  free space=1016k
Native frames: (J=compiled Java code, j=interpreted, Vv=VM code, C=native code)
C  [libsylvan-java4443364009180268373.so+0xd290]  lace_get_head+0x0
Java frames: (J=compiled Java code, j=interpreted, Vv=VM code)
J 170  jsylvan.JSylvan.makeAnd(JJ)J (0 bytes) @ 0x00007978f42d4b6c [0x00007978f42d4b20+0x000000000000004c]
J 224 c1 org.ants.jpndd.diagram.NDD.andRec(Lorg/ants/jpndd/diagram/NDD;Lorg/ants/jpndd/diagram/NDD;)Lorg/ants/jpndd/diagram/NDD; (312 bytes) @ 0x00007978ec832c24 [0x00007978ec831b60+0x00000000000010c4]
j  org.ants.jpndd.diagram.NDD.lambda$andRec$0(Lorg/ants/jpndd/diagram/NDD;Ljava/util/Map;Ljava/util/Map$Entry;)V+10
j  org.ants.jpndd.diagram.NDD$$Lambda+0x0000797887001638.accept(Ljava/lang/Object;)V+12
j  java.util.stream.ForEachOps$ForEachOp$OfRef.accept(Ljava/lang/Object;)V+5 java.base@23
j  java.util.concurrent.ConcurrentHashMap$EntrySpliterator.forEachRemaining(Ljava/util/function/Consumer;)V+41 java.base@23
j  java.util.stream.AbstractPipeline.copyInto(Ljava/util/stream/Sink;Ljava/util/Spliterator;)V+32 java.base@23
j  java.util.stream.ForEachOps$ForEachTask.compute()V+103 java.base@23
j  java.util.concurrent.CountedCompleter.exec()Z+1 java.base@23
j  java.util.concurrent.ForkJoinTask.doExec()V+10 java.base@23
j  java.util.concurrent.ForkJoinPool$WorkQueue.topLevelExec(Ljava/util/concurrent/ForkJoinTask;I)V+9 java.base@23
j  java.util.concurrent.ForkJoinPool.runWorker(Ljava/util/concurrent/ForkJoinPool$WorkQueue;)V+366 java.base@23
j  java.util.concurrent.ForkJoinWorkerThread.run()V+31 java.base@23
v  ~StubRoutines::call_stub 0x00007978f3d37c86

siginfo: si_signo: 11 (SIGSEGV), si_code: 1 (SEGV_MAPERR), si_addr: 0x0000000000000000

Registers:
RAX=0x0000000000000000, RBX=0x0000000000000000, RCX=0x00007976e8000030, RDX=0x0000000000000018
RSP=0x00007978c71e2248, RBP=0x800000000000000b, RSI=0x0000000000000000, RDI=0x0000000000000000
R8 =0x00007976e8000030, R9 =0x0000000000000018, R10=0x0000000000000004, R11=0xffffffffffffffc0
R12=0x000000000000000b, R13=0x000000062bb64bb0, R14=0x00007978c71e22a0, R15=0x00007979041f82c0
RIP=0x0000797903fc3290, EFLAGS=0x0000000000010206, CSGSFS=0x002b000000000033, ERR=0x0000000000000004
  TRAPNO=0x000000000000000e


Register to memory mapping:

RAX=0x0 is null
RBX=0x0 is null
RCX=0x00007976e8000030 points into unknown readable memory: 0x0000000200000000 | 00 00 00 00 02 00 00 00
RDX=0x0000000000000018 is an unknown value
RSP=0x00007978c71e2248 is pointing into the stack for thread: 0x00007979041f82c0
RBP=0x800000000000000b is an unknown value
RSI=0x0 is null
RDI=0x0 is null
R8 =0x00007976e8000030 points into unknown readable memory: 0x0000000200000000 | 00 00 00 00 02 00 00 00
R9 =0x0000000000000018 is an unknown value
R10=0x0000000000000004 is an unknown value
R11=0xffffffffffffffc0 is an unknown value
R12=0x000000000000000b is an unknown value
R13=0x000000062bb64bb0 is an oop: java.util.concurrent.ConcurrentHashMap$Node 
{0x000000062bb64bb0} - klass: 'java/util/concurrent/ConcurrentHashMap$Node'
 - ---- fields (total size 4 words):
 - final 'hash' 'I' @12  885287182 (0x34c4690e)
 - final 'key' 'Ljava/lang/Object;' @16  a 'org/ants/jpndd/diagram/NDD'{0x000000062b827fd0} (0xc5704ffa)
 - volatile 'val' 'Ljava/lang/Object;' @20  a 'java/lang/Long'{0x000000062bb64b48} = -9223372036854775797 (0xc576c969)
 - volatile 'next' 'Ljava/util/concurrent/ConcurrentHashMap$Node;' @24  null (0x00000000)
R14=0x00007978c71e22a0 is pointing into the stack for thread: 0x00007979041f82c0
R15=0x00007979041f82c0 is a thread

Top of Stack: (sp=0x00007978c71e2248)
0x00007978c71e2248:   0000797903fc146c 0000797886190980
0x00007978c71e2258:   00007978c71e22b0 0000000000000000
0x00007978c71e2268:   00007978f42d4bdf 0000797868012248
0x00007978c71e2278:   0000797868011e70 00007978c71e2480
0x00007978c71e2288:   00007978ec82481c 000000062ba617b8
0x00007978c71e2298:   000000001e80bfe8 000000062b82d578
0x00007978c71e22a8:   00007978866de1ec 00007978c71e2480
0x00007978c71e22b8:   00007978ec832c24 0000000000000000
0x00007978c71e22c8:   00007978865f3638 00007978c71e2300
0x00007978c71e22d8:   000079790c49d182 00000000000000ac
0x00007978c71e22e8:   0000000000000000 0000000000000001
0x00007978c71e22f8:   00007978865f3620 00007978c71e2340
0x00007978c71e2308:   a1fe25a69701d400 0000797886170000
0x00007978c71e2318:   00007979041f82c0 00007978863bab50
0x00007978c71e2328:   00007978c71e2660 00007978863bb1a0
0x00007978c71e2338:   00007978c71e23a0 00007978c71e24c0
0x00007978c71e2348:   000079790c7523cc 00007978863bab50
0x00007978c71e2358:   00007978863bab50 00007978c71e23b0
0x00007978c71e2368:   000079790c94f557 002b00ce00000008
0x00007978c71e2378:   0000797886285918 0000000000000010
0x00007978c71e2388:   000000062ba617b8 000000062bb64c80
0x00007978c71e2398:   000000062bbd73d0 000000062bbd7410
0x00007978c71e23a8:   000000062bbd7448 000000062bbd7460
0x00007978c71e23b8:   000000062bbd7498 800000000000000b
0x00007978c71e23c8:   0000000000028c48 000000000000002b
0x00007978c71e23d8:   00007979041f82c0 00007978c71e2470
0x00007978c71e23e8:   000079790bff4d8f 00007979041f8470
0x00007978c71e23f8:   000000062bbd73b8 00007978c71e2450
0x00007978c71e2408:   000079790c818f42 00007978c71e2480
0x00007978c71e2418:   00007978f3d3f1ba 00007978f3d3f1ba
0x00007978c71e2428:   000000062bb64c80 000000062ba617b8
0x00007978c71e2438:   fffffffffffffff7 000079788240717a 

Instructions: (pc=0x0000797903fc3290)
0x0000797903fc3190:   29 c4 49 89 e0 e9 9f fc ff ff 48 63 c1 31 c9 48
0x0000797903fc31a0:   c1 e0 03 49 8b 34 08 48 89 34 0a 48 83 c1 08 48
0x0000797903fc31b0:   39 c1 75 ef e9 ca fe ff ff 31 c0 e9 f7 fc ff ff
0x0000797903fc31c0:   e8 ab d2 ff ff 4c 8b 25 14 3e 03 00 48 89 da 48
0x0000797903fc31d0:   8d 35 3c 9e 02 00 31 c0 49 8b 3c 24 e8 0f d7 ff
0x0000797903fc31e0:   ff 49 8b 3c 24 ba 21 00 00 00 31 c0 48 8d 35 37
0x0000797903fc31f0:   9e 02 00 e8 f8 d6 ff ff e9 29 f9 ff ff 0f 1f 00
0x0000797903fc3200:   80 7a 10 00 75 22 53 48 8b 5a 08 48 89 d8 48 c1
0x0000797903fc3210:   e8 20 39 c3 72 1a 80 7a 40 00 75 04 c6 42 40 01
0x0000797903fc3220:   5b c3 66 0f 1f 44 00 00 c3 0f 1f 80 00 00 00 00
0x0000797903fc3230:   49 b8 00 00 00 00 ff ff ff ff 8d 43 01 49 21 d8
0x0000797903fc3240:   49 09 c0 48 89 d8 f0 4c 0f b1 42 08 75 d2 48 8b
0x0000797903fc3250:   47 18 89 db 48 c1 e3 06 48 03 1a 48 89 43 08 48
0x0000797903fc3260:   89 da ff 13 48 c7 43 08 02 00 00 00 5b c3 66 90
0x0000797903fc3270:   48 83 ec 08 48 8d 3d a5 3a 03 00 e8 b0 d5 ff ff
0x0000797903fc3280:   48 8b 80 00 00 00 00 48 83 c4 08 c3 0f 1f 40 00
0x0000797903fc3290:   4c 8b 07 49 8b 40 08 48 85 c0 0f 84 ce 00 00 00
0x0000797903fc32a0:   49 8b 40 48 48 85 c0 0f 84 db 00 00 00 49 8b 80
0x0000797903fc32b0:   88 00 00 00 48 85 c0 0f 84 d3 00 00 00 48 8b 7f
0x0000797903fc32c0:   10 b9 02 00 00 00 4c 29 c7 48 c1 ff 06 48 89 fe
0x0000797903fc32d0:   eb 25 66 66 2e 0f 1f 84 00 00 00 00 00 0f 1f 00
0x0000797903fc32e0:   48 89 d0 48 c1 e0 07 4c 01 c0 48 8b 40 08 48 85
0x0000797903fc32f0:   c0 0f 84 89 00 00 00 48 89 ca 48 8d 0c 09 48 39
0x0000797903fc3300:   f9 72 dd eb 5d 66 66 2e 0f 1f 84 00 00 00 00 00
0x0000797903fc3310:   66 66 2e 0f 1f 84 00 00 00 00 00 66 66 2e 0f 1f
0x0000797903fc3320:   84 00 00 00 00 00 66 66 2e 0f 1f 84 00 00 00 00
0x0000797903fc3330:   00 66 66 2e 0f 1f 84 00 00 00 00 00 0f 1f 40 00
0x0000797903fc3340:   48 89 f0 48 29 d0 48 d1 e8 48 01 d0 48 89 c1 48
0x0000797903fc3350:   c1 e1 06 4c 01 c1 48 8b 49 08 48 85 c9 75 19 48
0x0000797903fc3360:   89 c6 48 39 f2 72 d9 48 c1 e2 06 49 01 d0 4c 89
0x0000797903fc3370:   c0 c3 66 0f 1f 44 00 00 48 8d 50 01 eb e4 66 90
0x0000797903fc3380:   48 89 ce eb dd 0f 1f 00 49 83 c0 40 4c 89 c0 c3 


Stack slot to memory mapping:

stack at sp + 0 slots: 0x0000797903fc146c: Java_jsylvan_JSylvan_makeAnd+0x000000000000001c in /tmp/libsylvan-java4443364009180268373.so at 0x0000797903fb6000
stack at sp + 1 slots: 0x0000797886190980 is a pointer to class: 
java.lang.Long {0x0000797886190980}
 - instance size:     3
 - klass size:        80
 - access:            public final synchronized 
 - flags:             rewritten has_nonstatic_fields is_shared_boot_class has_localvariable_table 
 - state:             fully_initialized
 - name:              'java/lang/Long'
 - super:             'java/lang/Number'
 - sub:               
 - arrays:            'java/lang/Long'[]
 - methods:           Array<T>(0x0000797886762048)
 - method ordering:   Array<T>(0x000079788667e780)
 - local interfaces:  Array<T>(0x0000797886764878)
 - trans. interfaces: Array<T>(0x0000797886764898)
 - secondary supers: Array<T>(0x0000797886760c78)
 - hash_slot:         2
 - bitmap:            0x8000001100001000
 - constants:         constant pool [506] {0x0000797886760d18} for 'java/lang/Long' cache=0x0000797886190c58
 - class loader data:  loader data: 0x0000797904101800 of 'bootstrap'
 - source file:       'Long.java'
 - class annotations:       Array<T>(0x000079788667e350)
 - class type annotations:  Array<T>(0x0000000000000000)
 - field annotations:       Array<T>(0x0000000000000000)
 - field type annotations:  Array<T>(0x0000000000000000)
 - generic signature: 'Ljava/lang/Number;Ljava/lang/Comparable<Ljava/lang/Long;>;Ljava/lang/constant/Constable;Ljava/lang/constant/ConstantDesc;'
 - inner classes:     Array<T>(0x000079788667e360)
 - nest members:     Array<T>(0x000079788667e8d0)
 - permitted subclasses:     Array<T>(0x0000797886676880)
 - java mirror:       a 'java/lang/Class'{0x00000007ffc70b20} = 'java/lang/Long'
 - vtable length      11  (start addr: 0x0000797886190b50)
 - itable length      11 (start addr: 0x0000797886190ba8)
 - ---- static fields (5 words):
 - public static final 'MIN_VALUE' 'J' @120 
 - public static final 'MAX_VALUE' 'J' @128 
 - public static final 'TYPE' 'Ljava/lang/Class;' @112 
 - public static final 'SIZE' 'I' @144 
 - public static final 'BYTES' 'I' @148 
 - private static final 'serialVersionUID' 'J' @136 
 - ---- non-static fields (3 words):
 - private final 'value' 'J' @16 
 - non-static oop maps: 
stack at sp + 2 slots: 0x00007978c71e22b0 is pointing into the stack for thread: 0x00007979041f82c0
stack at sp + 3 slots: 0x0 is null
stack at sp + 4 slots: 0x00007978f42d4bdf is at entry_point+191 in (nmethod*)0x00007978f42d4a08
Compiled method (n/a) 98  170     n 0       jsylvan.JSylvan::makeAnd (native)
 total in heap  [0x00007978f42d4a08,0x00007978f42d4cf8] = 752
 relocation     [0x00007978f42d4ae0,0x00007978f42d4b18] = 56
 main code      [0x00007978f42d4b20,0x00007978f42d4cf0] = 464
 oops           [0x00007978f42d4cf0,0x00007978f42d4cf8] = 8
stack at sp + 5 slots: 0x0000797868012248 points into unknown readable memory: 0x0000000000000045 | 45 00 00 00 00 00 00 00
stack at sp + 6 slots: 0x0000797868011e70 points into unknown readable memory: 0x2e6e61766c79736a | 6a 73 79 6c 76 61 6e 2e
stack at sp + 7 slots: 0x00007978c71e2480 is pointing into the stack for thread: 0x00007979041f82c0

Lock stack of current Java thread (top to bottom):


Compiled method (n/a) 99  170     n 0       jsylvan.JSylvan::makeAnd (native)
 total in heap  [0x00007978f42d4a08,0x00007978f42d4cf8] = 752
 relocation     [0x00007978f42d4ae0,0x00007978f42d4b18] = 56
 main code      [0x00007978f42d4b20,0x00007978f42d4cf0] = 464
 oops           [0x00007978f42d4cf0,0x00007978f42d4cf8] = 8

[Constant Pool (empty)]

[MachCode]
[Entry Point]
  # {method} {0x000079788240ad50} 'makeAnd' '(JJ)J' in 'jsylvan/JSylvan'
  # parm0:    rsi:rsi   = long
  # parm1:    rdx:rdx   = long
  #           [sp+0x50]  (sp of caller)
  0x00007978f42d4b20: 6690 448b | 5608 443b 

  0x00007978f42d4b28: ;   {runtime_call ic_miss_stub}
  0x00007978f42d4b28: 5008 0f85 | b002 abff 
[Verified Entry Point]
  0x00007978f42d4b30: 8984 2400 | c0fe ff55 | 488b ec48 | 83ec 4090 | 4181 7f20 | 0100 0000 

  0x00007978f42d4b48: ;   {runtime_call StubRoutines (final stubs)}
  0x00007978f42d4b48: 7405 e8b1 | 92a9 ff48 | 8bca 488b 

  0x00007978f42d4b54: ;   {oop(a 'java/lang/Class'{0x000000062b82d578} = 'jsylvan/JSylvan')}
  0x00007978f42d4b54: d649 be78 | d582 2b06 | 0000 004c | 8974 2430 | 4c8d 7424 | 3049 8bf6 

  0x00007978f42d4b6c: ;   {internal_word}
  0x00007978f42d4b6c: c5f8 7749 | ba6c 4b2d | f478 7900 | 004d 8997 | a803 0000 | 4989 a7a0 

  0x00007978f42d4b84: ;   {external_word}
  0x00007978f42d4b84: 0300 0080 | 3da7 fcd6 | 1800 0f84 | 3400 0000 

  0x00007978f42d4b94: ;   {metadata({method} {0x000079788240ad50} 'makeAnd' '(JJ)J' in 'jsylvan/JSylvan')}
  0x00007978f42d4b94: 5652 5148 | be50 ad40 | 8278 7900 | 0049 8bff | 40f6 c40f | 0f84 1200 | 0000 4883 

  0x00007978f42d4bb0: ;   {runtime_call SharedRuntime::dtrace_method_entry(JavaThread*, Method*)}
  0x00007978f42d4bb0: ec08 e829 | 3d6b 1848 | 83c4 08e9 | 0500 0000 

  0x00007978f42d4bc0: ;   {runtime_call SharedRuntime::dtrace_method_entry(JavaThread*, Method*)}
  0x00007978f42d4bc0: e81b 3d6b | 1859 5a5e | 498d bfc0 | 0300 0041 | c787 4404 | 0000 0400 

  0x00007978f42d4bd8: ;   {runtime_call Java_jsylvan_JSylvan_makeAnd}
  0x00007978f42d4bd8: 0000 e871 | c8ce 0fc5 | f877 41c7 | 8744 0400 | 0005 0000 | 00f0 8344 | 24c0 0049 | 3baf 4804 
  0x00007978f42d4bf8: 0000 0f87 | 0e00 0000 | 4183 bf40 | 0400 0000 | 0f84 2400 | 0000 c5f8 | 7748 8945 | f849 8bff 
  0x00007978f42d4c18: 4c8b e448 | 83ec 0048 

  0x00007978f42d4c20: ;   {runtime_call JavaThread::check_special_condition_for_native_trans(JavaThread*)}
  0x00007978f42d4c20: 83e4 f0e8 | 383b 2118 | 498b e44d | 33e4 488b | 45f8 41c7 | 8744 0400 | 0008 0000 | 0041 83bf 
  0x00007978f42d4c40: c804 0000 | 020f 847f 

  0x00007978f42d4c48: ;   {external_word}
  0x00007978f42d4c48: 0000 0080 | 3de3 fbd6 | 1800 0f84 | 3600 0000 | 4889 45f8 

  0x00007978f42d4c5c: ;   {metadata({method} {0x000079788240ad50} 'makeAnd' '(JJ)J' in 'jsylvan/JSylvan')}
  0x00007978f42d4c5c: 48be 50ad | 4082 7879 | 0000 498b | ff40 f6c4 | 0f0f 8412 | 0000 0048 

  0x00007978f42d4c74: ;   {runtime_call SharedRuntime::dtrace_method_exit(JavaThread*, Method*)}
  0x00007978f42d4c74: 83ec 08e8 | 743c 6b18 | 4883 c408 | e905 0000 

  0x00007978f42d4c84: ;   {runtime_call SharedRuntime::dtrace_method_exit(JavaThread*, Method*)}
  0x00007978f42d4c84: 00e8 663c | 6b18 488b | 45f8 49c7 | 87a0 0300 | 0000 0000 | 0049 c787 | a803 0000 | 0000 0000 
  0x00007978f42d4ca4: c5f8 7749 | 8b8f 3004 | 0000 c781 | 0001 0000 | 0000 0000 | c949 837f | 0800 0f85 | 0100 0000 
  0x00007978f42d4cc4: ;   {runtime_call StubRoutines (initial stubs)}
  0x00007978f42d4cc4: c3e9 f62e | a6ff c5f8 | 7748 8945 | f84c 8be4 | 4883 ec00 | 4883 e4f0 

  0x00007978f42d4cdc: ;   {runtime_call SharedRuntime::reguard_yellow_pages()}
  0x00007978f42d4cdc: e80f 436b | 1849 8be4 | 4d33 e448 | 8b45 f8e9 | 5bff ffff 
[/MachCode]


Compiled method (c1) 105  224       3       org.ants.jpndd.diagram.NDD::andRec (312 bytes)
 total in heap  [0x00007978ec831608,0x00007978ec835318] = 15632
 relocation     [0x00007978ec8316e0,0x00007978ec831b48] = 1128
 main code      [0x00007978ec831b60,0x00007978ec834fe8] = 13448
 stub code      [0x00007978ec834fe8,0x00007978ec8351b0] = 456
 oops           [0x00007978ec8351b0,0x00007978ec8351c0] = 16
 metadata       [0x00007978ec8351c0,0x00007978ec835318] = 344
 immutable data [0x000079785c0a03e0,0x000079785c0a1358] = 3960
 dependencies   [0x000079785c0a03e0,0x000079785c0a0438] = 88
 nul chk table  [0x000079785c0a0438,0x000079785c0a0528] = 240
 scopes pcs     [0x000079785c0a0528,0x000079785c0a0c48] = 1824
 scopes data    [0x000079785c0a0c48,0x000079785c0a1358] = 1808

[Constant Pool (empty)]

[MachCode]
[Verified Entry Point]
  # {method} {0x0000797882404260} 'andRec' '(Lorg/ants/jpndd/diagram/NDD;Lorg/ants/jpndd/diagram/NDD;)Lorg/ants/jpndd/diagram/NDD;' in 'org/ants/jpndd/diagram/NDD'
  # parm0:    rsi:rsi   = 'org/ants/jpndd/diagram/NDD'
  # parm1:    rdx:rdx   = 'org/ants/jpndd/diagram/NDD'
  #           [sp+0x160]  (sp of caller)
  0x00007978ec831b60: 8984 2400 | c0fe ff55 | 4881 ec50 | 0100 0090 | 4181 7f20 | 0100 0000 

  0x00007978ec831b78: ;   {runtime_call StubRoutines (final stubs)}
  0x00007978ec831b78: 7405 e881 | c253 0748 | 89b4 24c8 | 0000 0048 | 8994 24d0 

  0x00007978ec831b8c: ;   {metadata(method data for {method} {0x0000797882404260} 'andRec' '(Lorg/ants/jpndd/diagram/NDD;Lorg/ants/jpndd/diagram/NDD;)Lorg/ants/jpndd/diagram/NDD;' in 'org/ants/jpndd/diagram/NDD')}
  0x00007978ec831b8c: 0000 0048 | b9c0 6441 | 8278 7900 | 008b b9f4 | 0000 0083 | c702 89b9 | f400 0000 | 81e7 fe07 
  0x00007978ec831bac: 0000 85ff | 0f84 6b2c | 0000 483b | 0648 8bce 

  0x00007978ec831bbc: ;   {metadata(method data for {method} {0x0000797882404260} 'andRec' '(Lorg/ants/jpndd/diagram/NDD;Lorg/ants/jpndd/diagram/NDD;)Lorg/ants/jpndd/diagram/NDD;' in 'org/ants/jpndd/diagram/NDD')}
  0x00007978ec831bbc: 48bf c064 | 4182 7879 | 0000 4883 | 8750 0100 

  0x00007978ec831bcc: ;   {metadata(method data for {method} {0x0000797882406c08} 'isFalse' '()Z' in 'org/ants/jpndd/diagram/NDD')}
  0x00007978ec831bcc: 0001 48b9 | c84d 4182 | 7879 0000 | 8bb9 f400 | 0000 83c7 | 0289 b9f4 | 0000 0081 | e7fe ff1f 
  0x00007978ec831bec: 0085 ff0f | 8452 2c00 

  0x00007978ec831bf4: ;   {metadata(method data for {method} {0x0000797882406c08} 'isFalse' '()Z' in 'org/ants/jpndd/diagram/NDD')}
  0x00007978ec831bf4: 0048 b9c8 | 4d41 8278 | 7900 0048 | 8381 4001 

  0x00007978ec831c04: ;   {metadata(method data for {method} {0x0000797882406a98} 'getFalse' '()Lorg/ants/jpndd/diagram/NDD;' in 'org/ants/jpndd/diagram/NDD')}
  0x00007978ec831c04: 0000 0148 | b958 4141 | 8278 7900 | 008b b9f4 | 0000 0083 | c702 89b9 | f400 0000 | 81e7 feff 
  0x00007978ec831c24: 1f00 85ff | 0f84 3a2c 

  0x00007978ec831c2c: ;   {oop(a 'org/ants/jpndd/diagram/NDD'{0x000000062b827fe8})}
  0x00007978ec831c2c: 0000 48b9 | e87f 822b | 0600 0000 

  0x00007978ec831c38: ;   {metadata(method data for {method} {0x0000797882406c08} 'isFalse' '()Z' in 'org/ants/jpndd/diagram/NDD')}
  0x00007978ec831c38: 483b f148 | b9c8 4d41 | 8278 7900 | 00bf 5001 | 0000 7505 | bf60 0100 | 0048 8b1c | 3948 8d5b 
  0x00007978ec831c58: 0148 891c | 390f 851a 

  0x00007978ec831c60: ;   {metadata(method data for {method} {0x0000797882406c08} 'isFalse' '()Z' in 'org/ants/jpndd/diagram/NDD')}
  0x00007978ec831c60: 0000 0048 | b9c8 4d41 | 8278 7900 | 00ff 8170 | 0100 00b9 | 0100 0000 | e905 0000 | 00b9 0000 
  0x00007978ec831c80: 0000 83e1 

  0x00007978ec831c84: ;   {metadata(method data for {method} {0x0000797882404260} 'andRec' '(Lorg/ants/jpndd/diagram/NDD;Lorg/ants/jpndd/diagram/NDD;)Lorg/ants/jpndd/diagram/NDD;' in 'org/ants/jpndd/diagram/NDD')}
  0x00007978ec831c84: 0185 c948 | b9c0 6441 | 8278 7900 | 00bf 7001 | 0000 7505 | bf80 0100 | 0048 8b1c | 3948 8d5b 
  0x00007978ec831ca4: 0148 891c | 390f 85b6 | 2a00 0048 | 3b02 488b 

  0x00007978ec831cb4: ;   {metadata(method data for {method} {0x0000797882404260} 'andRec' '(Lorg/ants/jpndd/diagram/NDD;Lorg/ants/jpndd/diagram/NDD;)Lorg/ants/jpndd/diagram/NDD;' in 'org/ants/jpndd/diagram/NDD')}
  0x00007978ec831cb4: ca48 bfc0 | 6441 8278 | 7900 0048 | 8387 a001 

  0x00007978ec831cc4: ;   {metadata(method data for {method} {0x0000797882406b48} 'isTrue' '()Z' in 'org/ants/jpndd/diagram/NDD')}
  0x00007978ec831cc4: 0000 0148 | b9b0 5f41 | 8278 7900 | 008b b9f4 | 0000 0083 | c702 89b9 | f400 0000 | 81e7 feff 
  0x00007978ec831ce4: 1f00 85ff | 0f84 a02b 

  0x00007978ec831cec: ;   {metadata(method data for {method} {0x0000797882406b48} 'isTrue' '()Z' in 'org/ants/jpndd/diagram/NDD')}
  0x00007978ec831cec: 0000 48b9 | b05f 4182 | 7879 0000 | 4883 8140 | 0100 0001 

  0x00007978ec831d00: ;   {metadata(method data for {method} {0x00007978824069f8} 'getTrue' '()Lorg/ants/jpndd/diagram/NDD;' in 'org/ants/jpndd/diagram/NDD')}
  0x00007978ec831d00: 48b9 0040 | 4182 7879 | 0000 8bb9 | f400 0000 | 83c7 0289 | b9f4 0000 | 0081 e7fe | ff1f 0085 
  0x00007978ec831d20: ff0f 8488 

  0x00007978ec831d24: ;   {oop(a 'org/ants/jpndd/diagram/NDD'{0x000000062b827fd0})}
  0x00007978ec831d24: 2b00 0048 | b9d0 7f82 | 2b06 0000 | 0048 3bd1 

  0x00007978ec831d34: ;   {metadata(method data for {method} {0x0000797882406b48} 'isTrue' '()Z' in 'org/ants/jpndd/diagram/NDD')}
  0x00007978ec831d34: 48b9 b05f | 4182 7879 | 0000 bf50 | 0100 0075 | 05bf 6001 | 0000 488b | 1c39 488d | 5b01 4889 
  0x00007978ec831d54: 1c39 0f85 | 1a00 0000 

  0x00007978ec831d5c: ;   {metadata(method data for {method} {0x0000797882406b48} 'isTrue' '()Z' in 'org/ants/jpndd/diagram/NDD')}
  0x00007978ec831d5c: 48b9 b05f | 4182 7879 | 0000 ff81 | 7001 0000 | b901 0000 | 00e9 0500 | 0000 b900 | 0000 0083 
  0x00007978ec831d7c: e101 85c9 

  0x00007978ec831d80: ;   {metadata(method data for {method} {0x0000797882404260} 'andRec' '(Lorg/ants/jpndd/diagram/NDD;Lorg/ants/jpndd/diagram/NDD;)Lorg/ants/jpndd/diagram/NDD;' in 'org/ants/jpndd/diagram/NDD')}
  0x00007978ec831d80: 48b9 c064 | 4182 7879 | 0000 bfd0 | 0100 0075 | 05bf c001 | 0000 488b | 1c39 488d | 5b01 4889 
  0x00007978ec831da0: 1c39 0f85 | bd29 0000 

  0x00007978ec831da8: ;   {metadata(method data for {method} {0x0000797882404260} 'andRec' '(Lorg/ants/jpndd/diagram/NDD;Lorg/ants/jpndd/diagram/NDD;)Lorg/ants/jpndd/diagram/NDD;' in 'org/ants/jpndd/diagram/NDD')}
  0x00007978ec831da8: 488b ce48 | bfc0 6441 | 8278 7900 | 0048 8387 | f001 0000 

  0x00007978ec831dbc: ;   {metadata(method data for {method} {0x0000797882406b48} 'isTrue' '()Z' in 'org/ants/jpndd/diagram/NDD')}
  0x00007978ec831dbc: 0148 b9b0 | 5f41 8278 | 7900 008b | b9f4 0000 | 0083 c702 | 89b9 f400 | 0000 81e7 | feff 1f00 
  0x00007978ec831ddc: 85ff 0f84 | ec2a 0000 

  0x00007978ec831de4: ;   {metadata(method data for {method} {0x0000797882406b48} 'isTrue' '()Z' in 'org/ants/jpndd/diagram/NDD')}
  0x00007978ec831de4: 48b9 b05f | 4182 7879 | 0000 4883 | 8140 0100 

  0x00007978ec831df4: ;   {metadata(method data for {method} {0x00007978824069f8} 'getTrue' '()Lorg/ants/jpndd/diagram/NDD;' in 'org/ants/jpndd/diagram/NDD')}
  0x00007978ec831df4: 0001 48b9 | 0040 4182 | 7879 0000 | 8bb9 f400 | 0000 83c7 | 0289 b9f4 | 0000 0081 | e7fe ff1f 
  0x00007978ec831e14: 0085 ff0f | 84d4 2a00 

  0x00007978ec831e1c: ;   {oop(a 'org/ants/jpndd/diagram/NDD'{0x000000062b827fd0})}
  0x00007978ec831e1c: 0048 b9d0 | 7f82 2b06 | 0000 0048 

  0x00007978ec831e28: ;   {metadata(method data for {method} {0x0000797882406b48} 'isTrue' '()Z' in 'org/ants/jpndd/diagram/NDD')}
  0x00007978ec831e28: 3bf1 48b9 | b05f 4182 | 7879 0000 | bf50 0100 | 0075 05bf | 6001 0000 | 488b 1c39 | 488d 5b01 
  0x00007978ec831e48: 4889 1c39 | 0f85 1a00 

  0x00007978ec831e50: ;   {metadata(method data for {method} {0x0000797882406b48} 'isTrue' '()Z' in 'org/ants/jpndd/diagram/NDD')}
  0x00007978ec831e50: 0000 48b9 | b05f 4182 | 7879 0000 | ff81 7001 | 0000 b901 | 0000 00e9 | 0500 0000 | b900 0000 
  0x00007978ec831e70: 0083 e101 

  0x00007978ec831e74: ;   {metadata(method data for {method} {0x0000797882404260} 'andRec' '(Lorg/ants/jpndd/diagram/NDD;Lorg/ants/jpndd/diagram/NDD;)Lorg/ants/jpndd/diagram/NDD;' in 'org/ants/jpndd/diagram/NDD')}
  0x00007978ec831e74: 85c9 48b9 | c064 4182 | 7879 0000 | bf10 0200 | 0075 05bf | 2002 0000 | 488b 1c39 | 488d 5b01 
  0x00007978ec831e94: 4889 1c39 | 0f85 ae28 | 0000 488b 

  0x00007978ec831ea0: ;   {metadata(method data for {method} {0x0000797882404260} 'andRec' '(Lorg/ants/jpndd/diagram/NDD;Lorg/ants/jpndd/diagram/NDD;)Lorg/ants/jpndd/diagram/NDD;' in 'org/ants/jpndd/diagram/NDD')}
  0x00007978ec831ea0: ca48 bfc0 | 6441 8278 | 7900 0048 | 8387 4002 

  0x00007978ec831eb0: ;   {metadata(method data for {method} {0x0000797882406c08} 'isFalse' '()Z' in 'org/ants/jpndd/diagram/NDD')}
  0x00007978ec831eb0: 0000 0148 | b9c8 4d41 | 8278 7900 | 008b b9f4 | 0000 0083 | c702 89b9 | f400 0000 | 81e7 feff 
  0x00007978ec831ed0: 1f00 85ff | 0f84 382a 

  0x00007978ec831ed8: ;   {metadata(method data for {method} {0x0000797882406c08} 'isFalse' '()Z' in 'org/ants/jpndd/diagram/NDD')}
  0x00007978ec831ed8: 0000 48b9 | c84d 4182 | 7879 0000 | 4883 8140 | 0100 0001 

  0x00007978ec831eec: ;   {metadata(method data for {method} {0x0000797882406a98} 'getFalse' '()Lorg/ants/jpndd/diagram/NDD;' in 'org/ants/jpndd/diagram/NDD')}
  0x00007978ec831eec: 48b9 5841 | 4182 7879 | 0000 8bb9 | f400 0000 | 83c7 0289 | b9f4 0000 | 0081 e7fe | ff1f 0085 
  0x00007978ec831f0c: ff0f 8420 

  0x00007978ec831f10: ;   {oop(a 'org/ants/jpndd/diagram/NDD'{0x000000062b827fe8})}
  0x00007978ec831f10: 2a00 0048 | b9e8 7f82 | 2b06 0000 | 0048 3bd1 

  0x00007978ec831f20: ;   {metadata(method data for {method} {0x0000797882406c08} 'isFalse' '()Z' in 'org/ants/jpndd/diagram/NDD')}
  0x00007978ec831f20: 48b9 c84d | 4182 7879 | 0000 bf50 | 0100 0075 | 05bf 6001 | 0000 488b | 1c39 488d | 5b01 4889 
  0x00007978ec831f40: 1c39 0f85 | 1a00 0000 

  0x00007978ec831f48: ;   {metadata(method data for {method} {0x0000797882406c08} 'isFalse' '()Z' in 'org/ants/jpndd/diagram/NDD')}
  0x00007978ec831f48: 48b9 c84d | 4182 7879 | 0000 ff81 | 7001 0000 | b901 0000 | 00e9 0500 | 0000 b900 | 0000 0083 
  0x00007978ec831f68: e101 85c9 

  0x00007978ec831f6c: ;   {metadata(method data for {method} {0x0000797882404260} 'andRec' '(Lorg/ants/jpndd/diagram/NDD;Lorg/ants/jpndd/diagram/NDD;)Lorg/ants/jpndd/diagram/NDD;' in 'org/ants/jpndd/diagram/NDD')}
  0x00007978ec831f6c: 48b9 c064 | 4182 7879 | 0000 bf60 | 0200 0075 | 05bf 7002 | 0000 488b | 1c39 488d | 5b01 4889 
  0x00007978ec831f8c: 1c39 0f85 | b827 0000 

  0x00007978ec831f94: ;   {metadata(method data for {method} {0x0000797882404260} 'andRec' '(Lorg/ants/jpndd/diagram/NDD;Lorg/ants/jpndd/diagram/NDD;)Lorg/ants/jpndd/diagram/NDD;' in 'org/ants/jpndd/diagram/NDD')}
  0x00007978ec831f94: 483b f248 | b9c0 6441 | 8278 7900 | 00bf 9002 | 0000 7405 | bf80 0200 | 0048 8b1c | 3948 8d5b 
  0x00007978ec831fb4: 0148 891c | 390f 848d 

  0x00007978ec831fbc: ;   {oop(a 'java/lang/Class'{0x000000062b827a30} = 'org/ants/jpndd/diagram/NDD')}
  0x00007978ec831fbc: 2700 0048 | b930 7a82 | 2b06 0000 | 008b b994 | 0000 0048 | c1e7 0348 | 3b07 488b 

  0x00007978ec831fd8: ;   {metadata(method data for {method} {0x0000797882404260} 'andRec' '(Lorg/ants/jpndd/diagram/NDD;Lorg/ants/jpndd/diagram/NDD;)Lorg/ants/jpndd/diagram/NDD;' in 'org/ants/jpndd/diagram/NDD')}
  0x00007978ec831fd8: cf48 bbc0 | 6441 8278 | 7900 0048 | 8383 b002 | 0000 0148 | 8bda 488b | d648 8bcb 

  0x00007978ec831ff4: ;   {optimized virtual_call}
  0x00007978ec831ff4: 488b f7e8 

  0x00007978ec831ff8: ; ImmutableOopMap {[200]=Oop [208]=Oop }
                      ;*invokevirtual getEntry {reexecute=0 rethrow=0 return_oop=0}
                      ; - org.ants.jpndd.diagram.NDD::andRec@42 (line 367)
  0x00007978ec831ff8: c4b1 0000 

  0x00007978ec831ffc: ;   {other}
  0x00007978ec831ffc: 0f1f 8400 | f409 0000 

  0x00007978ec832004: ;   {metadata(method data for {method} {0x0000797882404260} 'andRec' '(Lorg/ants/jpndd/diagram/NDD;Lorg/ants/jpndd/diagram/NDD;)Lorg/ants/jpndd/diagram/NDD;' in 'org/ants/jpndd/diagram/NDD')}
  0x00007978ec832004: 85c0 48ba | c064 4182 | 7879 0000 | bee0 0200 | 0075 05be | d002 0000 | 488b 3c32 | 488d 7f01 
  0x00007978ec832024: 4889 3c32 | 0f85 2426 | 0000 488b | 9424 d000 | 0000 488b | b424 c800 | 0000 488b 

  0x00007978ec832040: ;   {metadata('java/util/concurrent/ConcurrentHashMap')}
  0x00007978ec832040: da48 ba40 | ba1a 8678 | 7900 004c | 8bc6 498b | 87b8 0100 | 0048 8d78 | 4049 3bbf | c801 0000 
  0x00007978ec832060: 0f87 f328 | 0000 4989 | bfb8 0100 | 0048 c700 | 0100 0000 | 488b ca49 | ba00 0000 | 8678 7900 
  0x00007978ec832080: 0049 2bca | 8948 0848 | 33c9 8948 | 0c48 33c9 | bf06 0000 | 0048 894c | f808 48ff | cf75 f648 
  0x00007978ec8320a0: 8984 24d8 | 0000 0048 

  0x00007978ec8320a8: ;   {metadata(method data for {method} {0x0000797882404260} 'andRec' '(Lorg/ants/jpndd/diagram/NDD;Lorg/ants/jpndd/diagram/NDD;)Lorg/ants/jpndd/diagram/NDD;' in 'org/ants/jpndd/diagram/NDD')}
  0x00007978ec8320a8: 8bf0 48bf | c064 4182 | 7879 0000 | 4883 8720 | 0300 0001 

  0x00007978ec8320bc: ;   {metadata(method data for {method} {0x000079788643b300} '<init>' '()V' in 'java/util/concurrent/ConcurrentHashMap')}
  0x00007978ec8320bc: 48be c0fa | 0982 7879 | 0000 8bbe | f400 0000 | 83c7 0289 | bef4 0000 | 0081 e7fe | ff1f 0085 
  0x00007978ec8320dc: ff0f 8483 | 2800 0048 

  0x00007978ec8320e4: ;   {metadata(method data for {method} {0x000079788643b300} '<init>' '()V' in 'java/util/concurrent/ConcurrentHashMap')}
  0x00007978ec8320e4: 8bf0 48bf | c0fa 0982 | 7879 0000 | 4883 8740 | 0100 0001 

  0x00007978ec8320f8: ;   {metadata(method data for {method} {0x000079788645ddf8} '<init>' '()V' in 'java/util/AbstractMap')}
  0x00007978ec8320f8: 48be 5073 | 0982 7879 | 0000 8bbe | f400 0000 | 83c7 0289 | bef4 0000 | 0081 e7fe | ff1f 0085 
  0x00007978ec832118: ff0f 8468 | 2800 0048 

  0x00007978ec832120: ;   {metadata(method data for {method} {0x000079788645ddf8} '<init>' '()V' in 'java/util/AbstractMap')}
  0x00007978ec832120: 8bf0 48bf | 5073 0982 | 7879 0000 | 4883 8740 | 0100 0001 

  0x00007978ec832134: ;   {metadata(method data for {method} {0x000079788649d428} '<init>' '()V' in 'java/lang/Object')}
  0x00007978ec832134: 48be c896 | 0082 7879 | 0000 8bbe | f400 0000 | 83c7 0289 | bef4 0000 | 0081 e7fe | ff1f 0085 
  0x00007978ec832154: ff0f 844d | 2800 0041 | 8b70 0c8b | 7b0c 3bf7 

  0x00007978ec832164: ;   {metadata(method data for {method} {0x0000797882404260} 'andRec' '(Lorg/ants/jpndd/diagram/NDD;Lorg/ants/jpndd/diagram/NDD;)Lorg/ants/jpndd/diagram/NDD;' in 'org/ants/jpndd/diagram/NDD')}
  0x00007978ec832164: 48ba c064 | 4182 7879 | 0000 b930 | 0300 0075 | 05b9 4003 | 0000 4c8b | 0c0a 4d8d | 4901 4c89 
  0x00007978ec832184: 0c0a 0f85 | 4d10 0000 | 418b 7010 | 48c1 e603 

  0x00007978ec832194: ; implicit exception: dispatches to 0x00007978ec8349c9
  0x00007978ec832194: 483b 0648 

  0x00007978ec832198: ;   {metadata(method data for {method} {0x0000797882404260} 'andRec' '(Lorg/ants/jpndd/diagram/NDD;Lorg/ants/jpndd/diagram/NDD;)Lorg/ants/jpndd/diagram/NDD;' in 'org/ants/jpndd/diagram/NDD')}
  0x00007978ec832198: 8bfe 48bb | c064 4182 | 7879 0000 | 8b7f 0849 | ba00 0000 | 8678 7900 | 0049 03fa | 483b bb58 
  0x00007978ec8321b8: 0300 0075 | 0d48 8383 | 6003 0000 | 01e9 6000 | 0000 483b | bb68 0300 | 0075 0d48 | 8383 7003 
  0x00007978ec8321d8: 0000 01e9 | 4a00 0000 | 4883 bb58 | 0300 0000 | 7517 4889 | bb58 0300 | 0048 c783 | 6003 0000 
  0x00007978ec8321f8: 0100 0000 | e929 0000 | 0048 83bb | 6803 0000 | 0075 1748 | 89bb 6803 | 0000 48c7 | 8370 0300 
  0x00007978ec832218: 0001 0000 | 00e9 0800 | 0000 4883 | 8350 0300 | 0001 6666 | 9048 b870 | 1d0a 5c78 

  0x00007978ec832234: ;   {virtual_call}
  0x00007978ec832234: 7900 00e8 

  0x00007978ec832238: ; ImmutableOopMap {[200]=Oop [208]=Oop [216]=Oop }
                      ;*invokeinterface entrySet {reexecute=0 rethrow=0 return_oop=0}
                      ; - org.ants.jpndd.diagram.NDD::andRec@81 (line 412)
  0x00007978ec832238: 1697 ffff 

  0x00007978ec83223c: ;   {other}
  0x00007978ec83223c: 0f1f 8400 | 340c 0001 

  0x00007978ec832244: ; implicit exception: dispatches to 0x00007978ec8349ce
  0x00007978ec832244: 483b 0048 

  0x00007978ec832248: ;   {metadata(method data for {method} {0x0000797882404260} 'andRec' '(Lorg/ants/jpndd/diagram/NDD;Lorg/ants/jpndd/diagram/NDD;)Lorg/ants/jpndd/diagram/NDD;' in 'org/ants/jpndd/diagram/NDD')}
  0x00007978ec832248: 8bf0 48bf | c064 4182 | 7879 0000 | 8b76 0849 | ba00 0000 | 8678 7900 | 0049 03f2 | 483b b788 
  0x00007978ec832268: 0300 0075 | 0d48 8387 | 9003 0000 | 01e9 6000 | 0000 483b | b798 0300 | 0075 0d48 | 8387 a003 
  0x00007978ec832288: 0000 01e9 | 4a00 0000 | 4883 bf88 | 0300 0000 | 7517 4889 | b788 0300 | 0048 c787 | 9003 0000 
  0x00007978ec8322a8: 0100 0000 | e929 0000 | 0048 83bf | 9803 0000 | 0075 1748 | 89b7 9803 | 0000 48c7 | 87a0 0300 
  0x00007978ec8322c8: 0001 0000 | 00e9 0800 | 0000 4883 | 8780 0300 | 0001 488b | f048 b898 | 1d0a 5c78 

  0x00007978ec8322e4: ;   {virtual_call}
  0x00007978ec8322e4: 7900 00e8 

  0x00007978ec8322e8: ; ImmutableOopMap {[200]=Oop [208]=Oop [216]=Oop }
                      ;*invokeinterface iterator {reexecute=0 rethrow=0 return_oop=0}
                      ; - org.ants.jpndd.diagram.NDD::andRec@86 (line 412)
  0x00007978ec8322e8: 669b ffff 

  0x00007978ec8322ec: ;   {other}
  0x00007978ec8322ec: 0f1f 8400 | e40c 0002 | 4889 8424 | e000 0000 | 0f1f 4000 

  0x00007978ec832300: ; implicit exception: dispatches to 0x00007978ec8349d3
  0x00007978ec832300: 483b 0048 

  0x00007978ec832304: ;   {metadata(method data for {method} {0x0000797882404260} 'andRec' '(Lorg/ants/jpndd/diagram/NDD;Lorg/ants/jpndd/diagram/NDD;)Lorg/ants/jpndd/diagram/NDD;' in 'org/ants/jpndd/diagram/NDD')}
  0x00007978ec832304: 8bf0 48bb | c064 4182 | 7879 0000 | 8b76 0849 | ba00 0000 | 8678 7900 | 0049 03f2 | 483b b3b8 
  0x00007978ec832324: 0300 0075 | 0d48 8383 | c003 0000 | 01e9 6000 | 0000 483b | b3c8 0300 | 0075 0d48 | 8383 d003 
  0x00007978ec832344: 0000 01e9 | 4a00 0000 | 4883 bbb8 | 0300 0000 | 7517 4889 | b3b8 0300 | 0048 c783 | c003 0000 
  0x00007978ec832364: 0100 0000 | e929 0000 | 0048 83bb | c803 0000 | 0075 1748 | 89b3 c803 | 0000 48c7 | 83d0 0300 
  0x00007978ec832384: 0001 0000 | 00e9 0800 | 0000 4883 | 83b0 0300 | 0001 488b | f00f 1f40 | 0048 b8c0 | 1d0a 5c78 
  0x00007978ec8323a4: ;   {virtual_call}
  0x00007978ec8323a4: 7900 00e8 

  0x00007978ec8323a8: ; ImmutableOopMap {[200]=Oop [208]=Oop [216]=Oop [224]=Oop }
                      ;*invokeinterface hasNext {reexecute=0 rethrow=0 return_oop=0}
                      ; - org.ants.jpndd.diagram.NDD::andRec@93 (line 412)
  0x00007978ec8323a8: 86d6 feff 

  0x00007978ec8323ac: ;   {other}
  0x00007978ec8323ac: 0f1f 8400 | a40d 0003 

  0x00007978ec8323b4: ;   {metadata(method data for {method} {0x0000797882404260} 'andRec' '(Lorg/ants/jpndd/diagram/NDD;Lorg/ants/jpndd/diagram/NDD;)Lorg/ants/jpndd/diagram/NDD;' in 'org/ants/jpndd/diagram/NDD')}
  0x00007978ec8323b4: 85c0 48be | c064 4182 | 7879 0000 | bfe0 0300 | 0074 05bf | f003 0000 | 488b 1c3e | 488d 5b01 
  0x00007978ec8323d4: 4889 1c3e | 0f84 e60d | 0000 488b | 8424 e000 

  0x00007978ec8323e4: ;   {metadata(method data for {method} {0x0000797882404260} 'andRec' '(Lorg/ants/jpndd/diagram/NDD;Lorg/ants/jpndd/diagram/NDD;)Lorg/ants/jpndd/diagram/NDD;' in 'org/ants/jpndd/diagram/NDD')}
  0x00007978ec8323e4: 0000 48be | c064 4182 | 7879 0000 | 8b40 0849 | ba00 0000 | 8678 7900 | 0049 03c2 | 483b 8608 
  0x00007978ec832404: 0400 0075 | 0d48 8386 | 1004 0000 | 01e9 6000 | 0000 483b | 8618 0400 | 0075 0d48 | 8386 2004 
  0x00007978ec832424: 0000 01e9 | 4a00 0000 | 4883 be08 | 0400 0000 | 7517 4889 | 8608 0400 | 0048 c786 | 1004 0000 
  0x00007978ec832444: 0100 0000 | e929 0000 | 0048 83be | 1804 0000 | 0075 1748 | 8986 1804 | 0000 48c7 | 8620 0400 
  0x00007978ec832464: 0001 0000 | 00e9 0800 | 0000 4883 | 8600 0400 | 0001 488b | b424 e000 | 0000 0f1f | 8000 0000 
  0x00007978ec832484: 0048 b8e8 | 1d0a 5c78 

  0x00007978ec83248c: ;   {virtual_call}
  0x00007978ec83248c: 7900 00e8 

  0x00007978ec832490: ; ImmutableOopMap {[200]=Oop [208]=Oop [216]=Oop [224]=Oop }
                      ;*invokeinterface next {reexecute=0 rethrow=0 return_oop=0}
                      ; - org.ants.jpndd.diagram.NDD::andRec@102 (line 412)
  0x00007978ec832490: 1e23 ffff 

  0x00007978ec832494: ;   {other}
  0x00007978ec832494: 0f1f 8400 | 8c0e 0004 

  0x00007978ec83249c: ;   {metadata(method data for {method} {0x0000797882404260} 'andRec' '(Lorg/ants/jpndd/diagram/NDD;Lorg/ants/jpndd/diagram/NDD;)Lorg/ants/jpndd/diagram/NDD;' in 'org/ants/jpndd/diagram/NDD')}
  0x00007978ec83249c: 4885 c048 | bbc0 6441 | 8278 7900 | 0075 0c80 | 8b29 0400 | 0001 e9c9 | 0000 008b | 7808 49ba 
  0x00007978ec8324bc: 0000 0086 | 7879 0000 | 4903 fa48 | 3bbb 3804 | 0000 750d | 4883 8340 | 0400 0001 | e960 0000 
  0x00007978ec8324dc: 0048 3bbb | 4804 0000 | 750d 4883 | 8350 0400 | 0001 e94a | 0000 0048 | 83bb 3804 | 0000 0075 
  0x00007978ec8324fc: 1748 89bb | 3804 0000 | 48c7 8340 | 0400 0001 | 0000 00e9 | 2900 0000 | 4883 bb48 | 0400 0000 
  0x00007978ec83251c: 7517 4889 | bb48 0400 | 0048 c783 | 5004 0000 | 0100 0000 | e908 0000 | 0048 8383 | 3004 0000 
  0x00007978ec83253c: ;   {metadata('java/util/Map$Entry')}
  0x00007978ec83253c: 0148 bf38 | 2a17 8678 | 7900 008b | 5808 49ba | 0000 0086 | 7879 0000 | 4903 da48 | 3b7b 200f 
  0x00007978ec83255c: 841f 0000 | 0048 3bdf | 0f84 1600 | 0000 5357 

  0x00007978ec83256c: ;   {runtime_call slow_subtype_check Runtime1 stub}
  0x00007978ec83256c: e8cf 5461 | 075b 5b85 | db0f 845d | 2400 00e9 | 0000 0000 | 488b f848 | 89bc 24e8 | 0000 0048 
  0x00007978ec83258c: 8b94 24d0 | 0000 008b | 7210 48c1 | e603 483b | 0648 8bde 

  0x00007978ec8325a0: ;   {metadata(method data for {method} {0x0000797882404260} 'andRec' '(Lorg/ants/jpndd/diagram/NDD;Lorg/ants/jpndd/diagram/NDD;)Lorg/ants/jpndd/diagram/NDD;' in 'org/ants/jpndd/diagram/NDD')}
  0x00007978ec8325a0: 48b8 c064 | 4182 7879 | 0000 8b5b | 0849 ba00 | 0000 8678 | 7900 0049 | 03da 483b | 9868 0400 
  0x00007978ec8325c0: 0075 0d48 | 8380 7004 | 0000 01e9 | 6000 0000 | 483b 9878 | 0400 0075 | 0d48 8380 | 8004 0000 
  0x00007978ec8325e0: 01e9 4a00 | 0000 4883 | b868 0400 | 0000 7517 | 4889 9868 | 0400 0048 | c780 7004 | 0000 0100 
  0x00007978ec832600: 0000 e929 | 0000 0048 | 83b8 7804 | 0000 0075 | 1748 8998 | 7804 0000 | 48c7 8080 | 0400 0001 
  0x00007978ec832620: 0000 00e9 | 0800 0000 | 4883 8060 | 0400 0001 | 0f1f 4400 | 0048 b810 | 1e0a 5c78 

  0x00007978ec83263c: ;   {virtual_call}
  0x00007978ec83263c: 7900 00e8 

  0x00007978ec832640: ; ImmutableOopMap {[200]=Oop [208]=Oop [216]=Oop [224]=Oop [232]=Oop }
                      ;*invokeinterface entrySet {reexecute=0 rethrow=0 return_oop=0}
                      ; - org.ants.jpndd.diagram.NDD::andRec@116 (line 413)
  0x00007978ec832640: 0e93 ffff 

  0x00007978ec832644: ;   {other}
  0x00007978ec832644: 0f1f 8400 | 3c10 0005 

  0x00007978ec83264c: ; implicit exception: dispatches to 0x00007978ec8349e6
  0x00007978ec83264c: 483b 0048 

  0x00007978ec832650: ;   {metadata(method data for {method} {0x0000797882404260} 'andRec' '(Lorg/ants/jpndd/diagram/NDD;Lorg/ants/jpndd/diagram/NDD;)Lorg/ants/jpndd/diagram/NDD;' in 'org/ants/jpndd/diagram/NDD')}
  0x00007978ec832650: 8bf0 48bf | c064 4182 | 7879 0000 | 8b76 0849 | ba00 0000 | 8678 7900 | 0049 03f2 | 483b b798 
  0x00007978ec832670: 0400 0075 | 0d48 8387 | a004 0000 | 01e9 6000 | 0000 483b | b7a8 0400 | 0075 0d48 | 8387 b004 
  0x00007978ec832690: 0000 01e9 | 4a00 0000 | 4883 bf98 | 0400 0000 | 7517 4889 | b798 0400 | 0048 c787 | a004 0000 
  0x00007978ec8326b0: 0100 0000 | e929 0000 | 0048 83bf | a804 0000 | 0075 1748 | 89b7 a804 | 0000 48c7 | 87b0 0400 
  0x00007978ec8326d0: 0001 0000 | 00e9 0800 | 0000 4883 | 8790 0400 | 0001 488b | f048 b838 | 1e0a 5c78 

  0x00007978ec8326ec: ;   {virtual_call}
  0x00007978ec8326ec: 7900 00e8 

  0x00007978ec8326f0: ; ImmutableOopMap {[200]=Oop [208]=Oop [216]=Oop [224]=Oop [232]=Oop }
                      ;*invokeinterface iterator {reexecute=0 rethrow=0 return_oop=0}
                      ; - org.ants.jpndd.diagram.NDD::andRec@121 (line 413)
  0x00007978ec8326f0: 5e97 ffff 

  0x00007978ec8326f4: ;   {other}
  0x00007978ec8326f4: 0f1f 8400 | ec10 0006 | 4889 8424 | f000 0000 | e98c 0900 | 000f 1f80 | 0000 0000 | 488b 8424 
  0x00007978ec832714: f000 0000 

  0x00007978ec832718: ;   {metadata(method data for {method} {0x0000797882404260} 'andRec' '(Lorg/ants/jpndd/diagram/NDD;Lorg/ants/jpndd/diagram/NDD;)Lorg/ants/jpndd/diagram/NDD;' in 'org/ants/jpndd/diagram/NDD')}
  0x00007978ec832718: 48be c064 | 4182 7879 | 0000 8b40 | 0849 ba00 | 0000 8678 | 7900 0049 | 03c2 483b | 8618 0500 
  0x00007978ec832738: 0075 0d48 | 8386 2005 | 0000 01e9 | 6000 0000 | 483b 8628 | 0500 0075 | 0d48 8386 | 3005 0000 
  0x00007978ec832758: 01e9 4a00 | 0000 4883 | be18 0500 | 0000 7517 | 4889 8618 | 0500 0048 | c786 2005 | 0000 0100 
  0x00007978ec832778: 0000 e929 | 0000 0048 | 83be 2805 | 0000 0075 | 1748 8986 | 2805 0000 | 48c7 8630 | 0500 0001 
  0x00007978ec832798: 0000 00e9 | 0800 0000 | 4883 8610 | 0500 0001 | 488b b424 | f000 0000 | 0f1f 4400 | 0048 b860 
  0x00007978ec8327b8: 1e0a 5c78 

  0x00007978ec8327bc: ;   {virtual_call}
  0x00007978ec8327bc: 7900 00e8 

  0x00007978ec8327c0: ; ImmutableOopMap {[200]=Oop [208]=Oop [216]=Oop [224]=Oop [232]=Oop [240]=Oop }
                      ;*invokeinterface next {reexecute=0 rethrow=0 return_oop=0}
                      ; - org.ants.jpndd.diagram.NDD::andRec@140 (line 413)
  0x00007978ec8327c0: ee1f ffff 

  0x00007978ec8327c4: ;   {other}
  0x00007978ec8327c4: 0f1f 8400 | bc11 0007 

  0x00007978ec8327cc: ;   {metadata(method data for {method} {0x0000797882404260} 'andRec' '(Lorg/ants/jpndd/diagram/NDD;Lorg/ants/jpndd/diagram/NDD;)Lorg/ants/jpndd/diagram/NDD;' in 'org/ants/jpndd/diagram/NDD')}
  0x00007978ec8327cc: 4885 c048 | bbc0 6441 | 8278 7900 | 0075 0c80 | 8b39 0500 | 0001 e9c9 | 0000 008b | 7808 49ba 
  0x00007978ec8327ec: 0000 0086 | 7879 0000 | 4903 fa48 | 3bbb 4805 | 0000 750d | 4883 8350 | 0500 0001 | e960 0000 
  0x00007978ec83280c: 0048 3bbb | 5805 0000 | 750d 4883 | 8360 0500 | 0001 e94a | 0000 0048 | 83bb 4805 | 0000 0075 
  0x00007978ec83282c: 1748 89bb | 4805 0000 | 48c7 8350 | 0500 0001 | 0000 00e9 | 2900 0000 | 4883 bb58 | 0500 0000 
  0x00007978ec83284c: 7517 4889 | bb58 0500 | 0048 c783 | 6005 0000 | 0100 0000 | e908 0000 | 0048 8383 | 4005 0000 
  0x00007978ec83286c: ;   {metadata('java/util/Map$Entry')}
  0x00007978ec83286c: 0148 bf38 | 2a17 8678 | 7900 008b | 5808 49ba | 0000 0086 | 7879 0000 | 4903 da48 | 3b7b 200f 
  0x00007978ec83288c: 841f 0000 | 0048 3bdf | 0f84 1600 | 0000 5357 

  0x00007978ec83289c: ;   {runtime_call slow_subtype_check Runtime1 stub}
  0x00007978ec83289c: e89f 5161 | 075b 5b85 | db0f 8440 | 2100 00e9 | 0000 0000 | 488b f848 | 89bc 24f8 | 0000 0048 
  0x00007978ec8328bc: 8b9c 24e8 | 0000 0048 | 3b03 488b 

  0x00007978ec8328c8: ;   {metadata(method data for {method} {0x0000797882404260} 'andRec' '(Lorg/ants/jpndd/diagram/NDD;Lorg/ants/jpndd/diagram/NDD;)Lorg/ants/jpndd/diagram/NDD;' in 'org/ants/jpndd/diagram/NDD')}
  0x00007978ec8328c8: f348 b8c0 | 6441 8278 | 7900 008b | 7608 49ba | 0000 0086 | 7879 0000 | 4903 f248 | 3bb0 7805 
  0x00007978ec8328e8: 0000 750d | 4883 8080 | 0500 0001 | e960 0000 | 0048 3bb0 | 8805 0000 | 750d 4883 | 8090 0500 
  0x00007978ec832908: 0001 e94a | 0000 0048 | 83b8 7805 | 0000 0075 | 1748 89b0 | 7805 0000 | 48c7 8080 | 0500 0001 
  0x00007978ec832928: 0000 00e9 | 2900 0000 | 4883 b888 | 0500 0000 | 7517 4889 | b088 0500 | 0048 c780 | 9005 0000 
  0x00007978ec832948: 0100 0000 | e908 0000 | 0048 8380 | 7005 0000 | 0148 8bf3 | 9048 b888 | 1e0a 5c78 

  0x00007978ec832964: ;   {virtual_call}
  0x00007978ec832964: 7900 00e8 

  0x00007978ec832968: ; ImmutableOopMap {[200]=Oop [208]=Oop [216]=Oop [224]=Oop [232]=Oop [240]=Oop [248]=Oop }
                      ;*invokeinterface getValue {reexecute=0 rethrow=0 return_oop=0}
                      ; - org.ants.jpndd.diagram.NDD::andRec@152 (line 415)
  0x00007978ec832968: c61b aa07 

  0x00007978ec83296c: ;   {other}
  0x00007978ec83296c: 0f1f 8400 | 6413 0008 

  0x00007978ec832974: ;   {metadata(method data for {method} {0x0000797882404260} 'andRec' '(Lorg/ants/jpndd/diagram/NDD;Lorg/ants/jpndd/diagram/NDD;)Lorg/ants/jpndd/diagram/NDD;' in 'org/ants/jpndd/diagram/NDD')}
  0x00007978ec832974: 4885 c048 | bbc0 6441 | 8278 7900 | 0075 0c80 | 8b99 0500 | 0001 e9ae | 0000 008b | 7008 49ba 
  0x00007978ec832994: 0000 0086 | 7879 0000 | 4903 f248 | 3bb3 a805 | 0000 750d | 4883 83b0 | 0500 0001 | e960 0000 
  0x00007978ec8329b4: 0048 3bb3 | b805 0000 | 750d 4883 | 83c0 0500 | 0001 e94a | 0000 0048 | 83bb a805 | 0000 0075 
  0x00007978ec8329d4: 1748 89b3 | a805 0000 | 48c7 83b0 | 0500 0001 | 0000 00e9 | 2900 0000 | 4883 bbb8 | 0500 0000 
  0x00007978ec8329f4: 7517 4889 | b3b8 0500 | 0048 c783 | c005 0000 | 0100 0000 | e908 0000 | 0048 8383 | a005 0000 
  0x00007978ec832a14: ;   {metadata('java/lang/Long')}
  0x00007978ec832a14: 0148 be80 | 0919 8678 | 7900 008b | 7808 49ba | 0000 0086 | 7879 0000 | 4903 fa48 | 3bf7 0f85 
  0x00007978ec832a34: c11f 0000 | e900 0000 | 0048 8bf0 

  0x00007978ec832a40: ; implicit exception: dispatches to 0x00007978ec834a02
  0x00007978ec832a40: 483b 0648 

  0x00007978ec832a44: ;   {metadata(method data for {method} {0x0000797882404260} 'andRec' '(Lorg/ants/jpndd/diagram/NDD;Lorg/ants/jpndd/diagram/NDD;)Lorg/ants/jpndd/diagram/NDD;' in 'org/ants/jpndd/diagram/NDD')}
  0x00007978ec832a44: 8bfe 48bb | c064 4182 | 7879 0000 | 4883 83d0 | 0500 0001 | 488b 7e10 | 488b 9c24 | f800 0000 
  0x00007978ec832a64: ; implicit exception: dispatches to 0x00007978ec834a07
  0x00007978ec832a64: 483b 0348 

  0x00007978ec832a68: ;   {metadata(method data for {method} {0x0000797882404260} 'andRec' '(Lorg/ants/jpndd/diagram/NDD;Lorg/ants/jpndd/diagram/NDD;)Lorg/ants/jpndd/diagram/NDD;' in 'org/ants/jpndd/diagram/NDD')}
  0x00007978ec832a68: 8bf3 48b8 | c064 4182 | 7879 0000 | 8b76 0849 | ba00 0000 | 8678 7900 | 0049 03f2 | 483b b008 
  0x00007978ec832a88: 0600 0075 | 0d48 8380 | 1006 0000 | 01e9 6000 | 0000 483b | b018 0600 | 0075 0d48 | 8380 2006 
  0x00007978ec832aa8: 0000 01e9 | 4a00 0000 | 4883 b808 | 0600 0000 | 7517 4889 | b008 0600 | 0048 c780 | 1006 0000 
  0x00007978ec832ac8: 0100 0000 | e929 0000 | 0048 83b8 | 1806 0000 | 0075 1748 | 89b0 1806 | 0000 48c7 | 8020 0600 
  0x00007978ec832ae8: 0001 0000 | 00e9 0800 | 0000 4883 | 8000 0600 | 0001 488b | f348 89bc | 2400 0100 | 0048 b8b0 
  0x00007978ec832b08: 1e0a 5c78 

  0x00007978ec832b0c: ;   {virtual_call}
  0x00007978ec832b0c: 7900 00e8 

  0x00007978ec832b10: ; ImmutableOopMap {[200]=Oop [208]=Oop [216]=Oop [224]=Oop [232]=Oop [240]=Oop [248]=Oop }
                      ;*invokeinterface getValue {reexecute=0 rethrow=0 return_oop=0}
                      ; - org.ants.jpndd.diagram.NDD::andRec@165 (line 415)
  0x00007978ec832b10: 1e1a aa07 

  0x00007978ec832b14: ;   {other}
  0x00007978ec832b14: 0f1f 8400 | 0c15 0009 

  0x00007978ec832b1c: ;   {metadata(method data for {method} {0x0000797882404260} 'andRec' '(Lorg/ants/jpndd/diagram/NDD;Lorg/ants/jpndd/diagram/NDD;)Lorg/ants/jpndd/diagram/NDD;' in 'org/ants/jpndd/diagram/NDD')}
  0x00007978ec832b1c: 4885 c048 | bfc0 6441 | 8278 7900 | 0075 0c80 | 8f29 0600 | 0001 e9ae | 0000 008b | 5808 49ba 
  0x00007978ec832b3c: 0000 0086 | 7879 0000 | 4903 da48 | 3b9f 3806 | 0000 750d | 4883 8740 | 0600 0001 | e960 0000 
  0x00007978ec832b5c: 0048 3b9f | 4806 0000 | 750d 4883 | 8750 0600 | 0001 e94a | 0000 0048 | 83bf 3806 | 0000 0075 
  0x00007978ec832b7c: 1748 899f | 3806 0000 | 48c7 8740 | 0600 0001 | 0000 00e9 | 2900 0000 | 4883 bf48 | 0600 0000 
  0x00007978ec832b9c: 7517 4889 | 9f48 0600 | 0048 c787 | 5006 0000 | 0100 0000 | e908 0000 | 0048 8387 | 3006 0000 
  0x00007978ec832bbc: ;   {metadata('java/lang/Long')}
  0x00007978ec832bbc: 0148 bb80 | 0919 8678 | 7900 008b | 5008 49ba | 0000 0086 | 7879 0000 | 4903 d248 | 3bda 0f85 
  0x00007978ec832bdc: 2c1e 0000 | e900 0000 | 0048 8bf0 

  0x00007978ec832be8: ; implicit exception: dispatches to 0x00007978ec834a15
  0x00007978ec832be8: 483b 0648 

  0x00007978ec832bec: ;   {metadata(method data for {method} {0x0000797882404260} 'andRec' '(Lorg/ants/jpndd/diagram/NDD;Lorg/ants/jpndd/diagram/NDD;)Lorg/ants/jpndd/diagram/NDD;' in 'org/ants/jpndd/diagram/NDD')}
  0x00007978ec832bec: 8bd6 48bf | c064 4182 | 7879 0000 | 4883 8760 | 0600 0001 | 488b 5610 

  0x00007978ec832c04: ;   {metadata(method data for {method} {0x0000797882404260} 'andRec' '(Lorg/ants/jpndd/diagram/NDD;Lorg/ants/jpndd/diagram/NDD;)Lorg/ants/jpndd/diagram/NDD;' in 'org/ants/jpndd/diagram/NDD')}
  0x00007978ec832c04: 48be c064 | 4182 7879 | 0000 4883 | 8690 0600 | 0001 488b | b424 0001 

  0x00007978ec832c1c: ;   {static_call}
  0x00007978ec832c1c: 0000 90e8 

  0x00007978ec832c20: ; ImmutableOopMap {[200]=Oop [208]=Oop [216]=Oop [224]=Oop [232]=Oop [240]=Oop [248]=Oop }
                      ;*invokestatic makeAnd {reexecute=0 rethrow=0 return_oop=0}
                      ; - org.ants.jpndd.diagram.NDD::andRec@176 (line 415)
  0x00007978ec832c20: 0c1f aa07 

  0x00007978ec832c24: ;   {other}
  0x00007978ec832c24: 0f1f 8400 | 1c16 000a 

  0x00007978ec832c2c: ;   {metadata(method data for {method} {0x0000797882404260} 'andRec' '(Lorg/ants/jpndd/diagram/NDD;Lorg/ants/jpndd/diagram/NDD;)Lorg/ants/jpndd/diagram/NDD;' in 'org/ants/jpndd/diagram/NDD')}
  0x00007978ec832c2c: 48be c064 | 4182 7879 | 0000 4883 | 86a0 0600 | 0001 488b | f066 0f1f 

  0x00007978ec832c44: ;   {static_call}
  0x00007978ec832c44: 4400 00e8 

  0x00007978ec832c48: ; ImmutableOopMap {[200]=Oop [208]=Oop [216]=Oop [224]=Oop [232]=Oop [240]=Oop [248]=Oop }
                      ;*invokestatic ref {reexecute=0 rethrow=0 return_oop=0}
                      ; - org.ants.jpndd.diagram.NDD::andRec@179 (line 415)
  0x00007978ec832c48: e40f aa07 

  0x00007978ec832c4c: ;   {other}
  0x00007978ec832c4c: 0f1f 8400 | 4416 000b 

  0x00007978ec832c54: ;   {metadata(method data for {method} {0x0000797882404260} 'andRec' '(Lorg/ants/jpndd/diagram/NDD;Lorg/ants/jpndd/diagram/NDD;)Lorg/ants/jpndd/diagram/NDD;' in 'org/ants/jpndd/diagram/NDD')}
  0x00007978ec832c54: 48be c064 | 4182 7879 | 0000 4883 | 86b0 0600 

  0x00007978ec832c64: ;   {metadata(method data for {method} {0x000079788240ab80} 'getFalse' '()J' in 'jsylvan/JSylvan')}
  0x00007978ec832c64: 0001 48be | 904f 4182 | 7879 0000 | 8bbe f400 | 0000 83c7 | 0289 bef4 | 0000 0081 | e7fe ff1f 
  0x00007978ec832c84: 0085 ff0f | 848d 1d00 

  0x00007978ec832c8c: ;   {oop(a 'java/lang/Class'{0x000000062b82d578} = 'jsylvan/JSylvan')}
  0x00007978ec832c8c: 0048 be78 | d582 2b06 | 0000 0048 | 8b7e 7848 | 8bf0 483b 

  0x00007978ec832ca0: ;   {metadata(method data for {method} {0x0000797882404260} 'andRec' '(Lorg/ants/jpndd/diagram/NDD;Lorg/ants/jpndd/diagram/NDD;)Lorg/ants/jpndd/diagram/NDD;' in 'org/ants/jpndd/diagram/NDD')}
  0x00007978ec832ca0: f748 bec0 | 6441 8278 | 7900 00bf | c006 0000 | 7405 bfd0 | 0600 0048 | 8b1c 3e48 | 8d5b 0148 
  0x00007978ec832cc0: 891c 3e0f | 8483 0300 | 0048 8984 | 2408 0100 | 0048 8bb4 | 24e8 0000 

  0x00007978ec832cd8: ;   {metadata(method data for {method} {0x0000797882404260} 'andRec' '(Lorg/ants/jpndd/diagram/NDD;Lorg/ants/jpndd/diagram/NDD;)Lorg/ants/jpndd/diagram/NDD;' in 'org/ants/jpndd/diagram/NDD')}
  0x00007978ec832cd8: 0048 bbc0 | 6441 8278 | 7900 008b | 7608 49ba | 0000 0086 | 7879 0000 | 4903 f248 | 3bb3 e806 
  0x00007978ec832cf8: 0000 750d | 4883 83f0 | 0600 0001 | e960 0000 | 0048 3bb3 | f806 0000 | 750d 4883 | 8300 0700 
  0x00007978ec832d18: 0001 e94a | 0000 0048 | 83bb e806 | 0000 0075 | 1748 89b3 | e806 0000 | 48c7 83f0 | 0600 0001 
  0x00007978ec832d38: 0000 00e9 | 2900 0000 | 4883 bbf8 | 0600 0000 | 7517 4889 | b3f8 0600 | 0048 c783 | 0007 0000 
  0x00007978ec832d58: 0100 0000 | e908 0000 | 0048 8383 | e006 0000 | 0148 8bb4 | 24e8 0000 | 000f 1f40 | 0048 b8d8 
  0x00007978ec832d78: 1e0a 5c78 

  0x00007978ec832d7c: ;   {virtual_call}
  0x00007978ec832d7c: 7900 00e8 

  0x00007978ec832d80: ; ImmutableOopMap {[200]=Oop [208]=Oop [216]=Oop [224]=Oop [232]=Oop [240]=Oop [248]=Oop }
                      ;*invokeinterface getKey {reexecute=0 rethrow=0 return_oop=0}
                      ; - org.ants.jpndd.diagram.NDD::andRec@195 (line 418)
  0x00007978ec832d80: ae14 aa07 

  0x00007978ec832d84: ;   {other}
  0x00007978ec832d84: 0f1f 8400 | 7c17 000c 

  0x00007978ec832d8c: ;   {metadata(method data for {method} {0x0000797882404260} 'andRec' '(Lorg/ants/jpndd/diagram/NDD;Lorg/ants/jpndd/diagram/NDD;)Lorg/ants/jpndd/diagram/NDD;' in 'org/ants/jpndd/diagram/NDD')}
  0x00007978ec832d8c: 4885 c048 | bbc0 6441 | 8278 7900 | 0075 0c80 | 8b09 0700 | 0001 e9ae | 0000 008b | 7808 49ba 
  0x00007978ec832dac: 0000 0086 | 7879 0000 | 4903 fa48 | 3bbb 1807 | 0000 750d | 4883 8320 | 0700 0001 | e960 0000 
  0x00007978ec832dcc: 0048 3bbb | 2807 0000 | 750d 4883 | 8330 0700 | 0001 e94a | 0000 0048 | 83bb 1807 | 0000 0075 
  0x00007978ec832dec: 1748 89bb | 1807 0000 | 48c7 8320 | 0700 0001 | 0000 00e9 | 2900 0000 | 4883 bb28 | 0700 0000 
  0x00007978ec832e0c: 7517 4889 | bb28 0700 | 0048 c783 | 3007 0000 | 0100 0000 | e908 0000 | 0048 8383 | 1007 0000 
  0x00007978ec832e2c: ;   {metadata('org/ants/jpndd/diagram/NDD')}
  0x00007978ec832e2c: 0148 bf08 | 0a00 8778 | 7900 008b | 7008 49ba | 0000 0086 | 7879 0000 | 4903 f248 | 3bfe 0f85 
  0x00007978ec832e4c: eb1b 0000 | e900 0000 | 0048 8bf8 | 488b b424 | f800 0000 

  0x00007978ec832e60: ;   {metadata(method data for {method} {0x0000797882404260} 'andRec' '(Lorg/ants/jpndd/diagram/NDD;Lorg/ants/jpndd/diagram/NDD;)Lorg/ants/jpndd/diagram/NDD;' in 'org/ants/jpndd/diagram/NDD')}
  0x00007978ec832e60: 48bb c064 | 4182 7879 | 0000 8b76 | 0849 ba00 | 0000 8678 | 7900 0049 | 03f2 483b | b348 0700 
  0x00007978ec832e80: 0075 0d48 | 8383 5007 | 0000 01e9 | 6000 0000 | 483b b358 | 0700 0075 | 0d48 8383 | 6007 0000 
  0x00007978ec832ea0: 01e9 4a00 | 0000 4883 | bb48 0700 | 0000 7517 | 4889 b348 | 0700 0048 | c783 5007 | 0000 0100 
  0x00007978ec832ec0: 0000 e929 | 0000 0048 | 83bb 5807 | 0000 0075 | 1748 89b3 | 5807 0000 | 48c7 8360 | 0700 0001 
  0x00007978ec832ee0: 0000 00e9 | 0800 0000 | 4883 8340 | 0700 0001 | 488b b424 | f800 0000 | 4889 bc24 | 1001 0000 
  0x00007978ec832f00: 0f1f 4400 | 0048 b800 | 1f0a 5c78 

  0x00007978ec832f0c: ;   {virtual_call}
  0x00007978ec832f0c: 7900 00e8 

  0x00007978ec832f10: ; ImmutableOopMap {[200]=Oop [208]=Oop [216]=Oop [224]=Oop [232]=Oop [240]=Oop [272]=Oop }
                      ;*invokeinterface getKey {reexecute=0 rethrow=0 return_oop=0}
                      ; - org.ants.jpndd.diagram.NDD::andRec@205 (line 418)
  0x00007978ec832f10: 1e13 aa07 

  0x00007978ec832f14: ;   {other}
  0x00007978ec832f14: 0f1f 8400 | 0c19 000d 

  0x00007978ec832f1c: ;   {metadata(method data for {method} {0x0000797882404260} 'andRec' '(Lorg/ants/jpndd/diagram/NDD;Lorg/ants/jpndd/diagram/NDD;)Lorg/ants/jpndd/diagram/NDD;' in 'org/ants/jpndd/diagram/NDD')}
  0x00007978ec832f1c: 4885 c048 | bfc0 6441 | 8278 7900 | 0075 0c80 | 8f69 0700 | 0001 e9ae | 0000 008b | 5808 49ba 
  0x00007978ec832f3c: 0000 0086 | 7879 0000 | 4903 da48 | 3b9f 7807 | 0000 750d | 4883 8780 | 0700 0001 | e960 0000 
  0x00007978ec832f5c: 0048 3b9f | 8807 0000 | 750d 4883 | 8790 0700 | 0001 e94a | 0000 0048 | 83bf 7807 | 0000 0075 
  0x00007978ec832f7c: 1748 899f | 7807 0000 | 48c7 8780 | 0700 0001 | 0000 00e9 | 2900 0000 | 4883 bf88 | 0700 0000 
  0x00007978ec832f9c: 7517 4889 | 9f88 0700 | 0048 c787 | 9007 0000 | 0100 0000 | e908 0000 | 0048 8387 | 7007 0000 
  0x00007978ec832fbc: ;   {metadata('org/ants/jpndd/diagram/NDD')}
  0x00007978ec832fbc: 0148 bb08 | 0a00 8778 | 7900 008b | 7008 49ba | 0000 0086 | 7879 0000 | 4903 f248 | 3bde 0f85 
  0x00007978ec832fdc: 641a 0000 | e900 0000 | 0048 8bd0 

  0x00007978ec832fe8: ;   {metadata(method data for {method} {0x0000797882404260} 'andRec' '(Lorg/ants/jpndd/diagram/NDD;Lorg/ants/jpndd/diagram/NDD;)Lorg/ants/jpndd/diagram/NDD;' in 'org/ants/jpndd/diagram/NDD')}
  0x00007978ec832fe8: 48be c064 | 4182 7879 | 0000 4883 | 86a0 0700 | 0001 488b | b424 1001 | 0000 0f1f 

  0x00007978ec833004: ;   {static_call}
  0x00007978ec833004: 4400 00e8 

  0x00007978ec833008: ; ImmutableOopMap {[200]=Oop [208]=Oop [216]=Oop [224]=Oop [232]=Oop [240]=Oop }
                      ;*invokestatic andRec {reexecute=0 rethrow=0 return_oop=0}
                      ; - org.ants.jpndd.diagram.NDD::andRec@213 (line 418)
  0x00007978ec833008: 54eb ffff 

  0x00007978ec83300c: ;   {other}
  0x00007978ec83300c: 0f1f 8400 | 041a 000e 

  0x00007978ec833014: ;   {metadata(method data for {method} {0x0000797882404260} 'andRec' '(Lorg/ants/jpndd/diagram/NDD;Lorg/ants/jpndd/diagram/NDD;)Lorg/ants/jpndd/diagram/NDD;' in 'org/ants/jpndd/diagram/NDD')}
  0x00007978ec833014: 48be c064 | 4182 7879 | 0000 4883 | 86b0 0700 | 0001 488b | b424 d800 | 0000 488b | d048 8b8c 
  0x00007978ec833034: 2408 0100 | 0066 0f1f 

  0x00007978ec83303c: ;   {static_call}
  0x00007978ec83303c: 4400 00e8 

  0x00007978ec833040: ; ImmutableOopMap {[200]=Oop [208]=Oop [216]=Oop [224]=Oop [232]=Oop [240]=Oop }
                      ;*invokestatic addEdge {reexecute=0 rethrow=0 return_oop=0}
                      ; - org.ants.jpndd.diagram.NDD::andRec@223 (line 420)
  0x00007978ec833040: 3c3f ffff 

  0x00007978ec833044: ;   {other}
  0x00007978ec833044: 0f1f 8400 | 3c1a 000f 

  0x00007978ec83304c: ;   {metadata(method data for {method} {0x0000797882404260} 'andRec' '(Lorg/ants/jpndd/diagram/NDD;Lorg/ants/jpndd/diagram/NDD;)Lorg/ants/jpndd/diagram/NDD;' in 'org/ants/jpndd/diagram/NDD')}
  0x00007978ec83304c: 48be c064 | 4182 7879 | 0000 8bbe | f800 0000 | 83c7 0289 | bef8 0000 | 0081 e7fe | 3f00 0085 
  0x00007978ec83306c: ff0f 84da | 1900 004d | 8b97 5004 

  0x00007978ec833078: ; ImmutableOopMap {[200]=Oop [208]=Oop [216]=Oop [224]=Oop [232]=Oop [240]=Oop }
                      ;*goto {reexecute=1 rethrow=0 return_oop=0}
                      ; - (reexecute) org.ants.jpndd.diagram.NDD::andRec@226 (line 422)
                      ;   {poll}
  0x00007978ec833078: 0000 4185 

  0x00007978ec83307c: ;   {metadata(method data for {method} {0x0000797882404260} 'andRec' '(Lorg/ants/jpndd/diagram/NDD;Lorg/ants/jpndd/diagram/NDD;)Lorg/ants/jpndd/diagram/NDD;' in 'org/ants/jpndd/diagram/NDD')}
  0x00007978ec83307c: 0248 bec0 | 6441 8278 | 7900 00ff | 86c0 0700 | 0048 8b84 | 24f0 0000 | 0048 3b00 

  0x00007978ec833098: ;   {metadata(method data for {method} {0x0000797882404260} 'andRec' '(Lorg/ants/jpndd/diagram/NDD;Lorg/ants/jpndd/diagram/NDD;)Lorg/ants/jpndd/diagram/NDD;' in 'org/ants/jpndd/diagram/NDD')}
  0x00007978ec833098: 488b f048 | bac0 6441 | 8278 7900 | 008b 7608 | 49ba 0000 | 0086 7879 | 0000 4903 | f248 3bb2 
  0x00007978ec8330b8: c804 0000 | 750d 4883 | 82d0 0400 | 0001 e960 | 0000 0048 | 3bb2 d804 | 0000 750d | 4883 82e0 
  0x00007978ec8330d8: 0400 0001 | e94a 0000 | 0048 83ba | c804 0000 | 0075 1748 | 89b2 c804 | 0000 48c7 | 82d0 0400 
  0x00007978ec8330f8: 0001 0000 | 00e9 2900 | 0000 4883 | bad8 0400 | 0000 7517 | 4889 b2d8 | 0400 0048 | c782 e004 
  0x00007978ec833118: 0000 0100 | 0000 e908 | 0000 0048 | 8382 c004 | 0000 0148 | 8bf0 0f1f | 8000 0000 | 0048 b828 
  0x00007978ec833138: 1f0a 5c78 

  0x00007978ec83313c: ;   {virtual_call}
  0x00007978ec83313c: 7900 00e8 

  0x00007978ec833140: ; ImmutableOopMap {[200]=Oop [208]=Oop [216]=Oop [224]=Oop [232]=Oop [240]=Oop }
                      ;*invokeinterface hasNext {reexecute=0 rethrow=0 return_oop=0}
                      ; - org.ants.jpndd.diagram.NDD::andRec@130 (line 413)
  0x00007978ec833140: eec8 feff 

  0x00007978ec833144: ;   {other}
  0x00007978ec833144: 0f1f 8400 | 3c1b 0011 

  0x00007978ec83314c: ;   {metadata(method data for {method} {0x0000797882404260} 'andRec' '(Lorg/ants/jpndd/diagram/NDD;Lorg/ants/jpndd/diagram/NDD;)Lorg/ants/jpndd/diagram/NDD;' in 'org/ants/jpndd/diagram/NDD')}
  0x00007978ec83314c: 85c0 48be | c064 4182 | 7879 0000 | bf00 0500 | 0075 05bf | f004 0000 | 488b 1c3e | 488d 5b01 
  0x00007978ec83316c: 4889 1c3e | 0f85 9af5 

  0x00007978ec833174: ;   {metadata(method data for {method} {0x0000797882404260} 'andRec' '(Lorg/ants/jpndd/diagram/NDD;Lorg/ants/jpndd/diagram/NDD;)Lorg/ants/jpndd/diagram/NDD;' in 'org/ants/jpndd/diagram/NDD')}
  0x00007978ec833174: ffff 48be | c064 4182 | 7879 0000 | 8bbe f800 | 0000 83c7 | 0289 bef8 | 0000 0081 | e7fe 3f00 
  0x00007978ec833194: 0085 ff0f | 84d6 1800 | 004d 8b97 

  0x00007978ec8331a0: ; ImmutableOopMap {[200]=Oop [208]=Oop [216]=Oop [224]=Oop }
                      ;*goto {reexecute=1 rethrow=0 return_oop=0}
                      ; - (reexecute) org.ants.jpndd.diagram.NDD::andRec@229 (line 423)
  0x00007978ec8331a0: 5004 0000 

  0x00007978ec8331a4: ;   {poll}
  0x00007978ec8331a4: 4185 0248 | bec0 6441 | 8278 7900 | 00ff 86d8 | 0700 0048 | 8b84 24e0 | 0000 00e9 | 3cf1 ffff 
  0x00007978ec8331c4: ;   {metadata(method data for {method} {0x0000797882404260} 'andRec' '(Lorg/ants/jpndd/diagram/NDD;Lorg/ants/jpndd/diagram/NDD;)Lorg/ants/jpndd/diagram/NDD;' in 'org/ants/jpndd/diagram/NDD')}
  0x00007978ec8331c4: 48be c064 | 4182 7879 | 0000 ff86 | f007 0000 | e993 0c00 

  0x00007978ec8331d8: ;   {metadata(method data for {method} {0x0000797882404260} 'andRec' '(Lorg/ants/jpndd/diagram/NDD;Lorg/ants/jpndd/diagram/NDD;)Lorg/ants/jpndd/diagram/NDD;' in 'org/ants/jpndd/diagram/NDD')}
  0x00007978ec8331d8: 003b f748 | bec0 6441 | 8278 7900 | 00bf 1808 | 0000 7f05 | bf08 0800 | 0048 8b1c | 3e48 8d5b 
  0x00007978ec8331f8: 0148 891c | 3e0f 8f00 | 1400 0048 | 8bb4 24c8 | 0000 008b | 7e10 48c1 | e703 483b | 0748 8bdf 
  0x00007978ec833218: ;   {metadata(method data for {method} {0x0000797882404260} 'andRec' '(Lorg/ants/jpndd/diagram/NDD;Lorg/ants/jpndd/diagram/NDD;)Lorg/ants/jpndd/diagram/NDD;' in 'org/ants/jpndd/diagram/NDD')}
  0x00007978ec833218: 48b9 c064 | 4182 7879 | 0000 8b5b | 0849 ba00 | 0000 8678 | 7900 0049 | 03da 483b | 9940 0800 
  0x00007978ec833238: 0075 0d48 | 8381 4808 | 0000 01e9 | 6000 0000 | 483b 9950 | 0800 0075 | 0d48 8381 | 5808 0000 
  0x00007978ec833258: 01e9 4a00 | 0000 4883 | b940 0800 | 0000 7517 | 4889 9940 | 0800 0048 | c781 4808 | 0000 0100 
  0x00007978ec833278: 0000 e929 | 0000 0048 | 83b9 5008 | 0000 0075 | 1748 8999 | 5008 0000 | 48c7 8158 | 0800 0001 
  0x00007978ec833298: 0000 00e9 | 0800 0000 | 4883 8138 | 0800 0001 | 488b f766 | 9048 b850 | 1f0a 5c78 

  0x00007978ec8332b4: ;   {virtual_call}
  0x00007978ec8332b4: 7900 00e8 

  0x00007978ec8332b8: ; ImmutableOopMap {[200]=Oop [208]=Oop [216]=Oop }
                      ;*invokeinterface entrySet {reexecute=0 rethrow=0 return_oop=0}
                      ; - org.ants.jpndd.diagram.NDD::andRec@256 (line 431)
  0x00007978ec8332b8: 9686 ffff 

  0x00007978ec8332bc: ;   {other}
  0x00007978ec8332bc: 0f1f 8400 | b41c 0013 

  0x00007978ec8332c4: ; implicit exception: dispatches to 0x00007978ec834a99
  0x00007978ec8332c4: 483b 0048 

  0x00007978ec8332c8: ;   {metadata(method data for {method} {0x0000797882404260} 'andRec' '(Lorg/ants/jpndd/diagram/NDD;Lorg/ants/jpndd/diagram/NDD;)Lorg/ants/jpndd/diagram/NDD;' in 'org/ants/jpndd/diagram/NDD')}
  0x00007978ec8332c8: 8bf0 48bf | c064 4182 | 7879 0000 | 8b76 0849 | ba00 0000 | 8678 7900 | 0049 03f2 | 483b b770 
  0x00007978ec8332e8: 0800 0075 | 0d48 8387 | 7808 0000 | 01e9 6000 | 0000 483b | b780 0800 | 0075 0d48 | 8387 8808 
  0x00007978ec833308: 0000 01e9 | 4a00 0000 | 4883 bf70 | 0800 0000 | 7517 4889 | b770 0800 | 0048 c787 | 7808 0000 
  0x00007978ec833328: 0100 0000 | e929 0000 | 0048 83bf | 8008 0000 | 0075 1748 | 89b7 8008 | 0000 48c7 | 8788 0800 
  0x00007978ec833348: 0001 0000 | 00e9 0800 | 0000 4883 | 8768 0800 | 0001 488b | f048 b878 | 1f0a 5c78 

  0x00007978ec833364: ;   {virtual_call}
  0x00007978ec833364: 7900 00e8 

  0x00007978ec833368: ; ImmutableOopMap {[200]=Oop [208]=Oop [216]=Oop }
                      ;*invokeinterface parallelStream {reexecute=0 rethrow=0 return_oop=0}
                      ; - org.ants.jpndd.diagram.NDD::andRec@261 (line 431)
  0x00007978ec833368: 2567 5507 

  0x00007978ec83336c: ;   {other}
  0x00007978ec83336c: 0f1f 8400 | 641d 0014 | 4889 8424 | 2001 0000 

  0x00007978ec83337c: ;   {metadata(method data for {method} {0x0000797882404260} 'andRec' '(Lorg/ants/jpndd/diagram/NDD;Lorg/ants/jpndd/diagram/NDD;)Lorg/ants/jpndd/diagram/NDD;' in 'org/ants/jpndd/diagram/NDD')}
  0x00007978ec83337c: 48ba c064 | 4182 7879 | 0000 488d | 92a8 0800 | 0048 8bbc | 24d0 0000 

  0x00007978ec833394: ;   {metadata('org/ants/jpndd/diagram/NDD')}
  0x00007978ec833394: 0048 be08 | 0a00 8778 | 7900 0048 | 3372 0848 | f7c6 fcff | ffff 7404 | 4889 7208 | 488b 9c24 
  0x00007978ec8333b4: d800 0000 

  0x00007978ec8333b8: ;   {metadata('java/util/concurrent/ConcurrentHashMap')}
  0x00007978ec8333b8: 48be 40ba | 1a86 7879 | 0000 4c8b | d648 3372 | 1848 f7c6 | fcff ffff | 742b 40f6 | c602 7525 
  0x00007978ec8333d8: 48f7 4218 | feff ffff | 7417 498b | f248 3372 | 1848 f7c6 | fcff ffff | 740b 4883 | 4a18 02eb 
  0x00007978ec8333f8: 0448 8972 

  0x00007978ec8333fc: ;   {metadata(method data for {method} {0x00007978861e0988} 'linkToTargetMethod' '(Ljava/lang/Object;Ljava/lang/Object;Ljava/lang/Object;)Ljava/lang/Object;' in 'java/lang/invoke/Invokers$Holder')}
  0x00007978ec8333fc: 1848 bae8 | 0e0a 8278 | 7900 0048 | 8d92 3802 

  0x00007978ec83340c: ;   {metadata('org/ants/jpndd/diagram/NDD')}
  0x00007978ec83340c: 0000 48be | 080a 0087 | 7879 0000 | 4c8b d648 | 3332 48f7 | c6fc ffff | ff74 2740 | f6c6 0275 
  0x00007978ec83342c: 2148 f702 | feff ffff | 7415 498b | f248 3332 | 48f7 c6fc | ffff ff74 | 0948 830a | 02eb 0348 
  0x00007978ec83344c: ;   {metadata('java/util/concurrent/ConcurrentHashMap')}
  0x00007978ec83344c: 8932 48be | 40ba 1a86 | 7879 0000 | 4c8b d648 | 3372 1048 | f7c6 fcff | ffff 742b | 40f6 c602 
  0x00007978ec83346c: 7525 48f7 | 4210 feff | ffff 7417 | 498b f248 | 3372 1048 | f7c6 fcff | ffff 740b | 4883 4a10 
  0x00007978ec83348c: 02eb 0448 

  0x00007978ec833490: ;   {metadata(method data for {method} {0x0000797882404260} 'andRec' '(Lorg/ants/jpndd/diagram/NDD;Lorg/ants/jpndd/diagram/NDD;)Lorg/ants/jpndd/diagram/NDD;' in 'org/ants/jpndd/diagram/NDD')}
  0x00007978ec833490: 8972 1048 | bac0 6441 | 8278 7900 | 0048 8382 | 9808 0000 

  0x00007978ec8334a4: ;   {metadata(method data for {method} {0x00007978861e0988} 'linkToTargetMethod' '(Ljava/lang/Object;Ljava/lang/Object;Ljava/lang/Object;)Ljava/lang/Object;' in 'java/lang/invoke/Invokers$Holder')}
  0x00007978ec8334a4: 0148 bae8 | 0e0a 8278 | 7900 008b | b2f4 0000 | 0083 c602 | 89b2 f400 | 0000 81e6 | feff 1f00 
  0x00007978ec8334c4: 85f6 0f84 | d215 0000 

  0x00007978ec8334cc: ;   {metadata(method data for {method} {0x00007978861e0988} 'linkToTargetMethod' '(Ljava/lang/Object;Ljava/lang/Object;Ljava/lang/Object;)Ljava/lang/Object;' in 'java/lang/invoke/Invokers$Holder')}
  0x00007978ec8334cc: 48ba e80e | 0a82 7879 | 0000 488d | 92a0 0100 

  0x00007978ec8334dc: ;   {metadata('org/ants/jpndd/diagram/NDD')}
  0x00007978ec8334dc: 0048 be08 | 0a00 8778 | 7900 004c | 8bd6 4833 | 7208 48f7 | c6fc ffff | ff74 2b40 | f6c6 0275 
  0x00007978ec8334fc: 2548 f742 | 08fe ffff | ff74 1749 | 8bf2 4833 | 7208 48f7 | c6fc ffff | ff74 0b48 | 834a 0802 
  0x00007978ec83351c: eb04 4889 

  0x00007978ec833520: ;   {metadata(method data for {method} {0x00007978861e55c0} 'newInvokeSpecial' '(Ljava/lang/Object;Ljava/lang/Object;Ljava/lang/Object;)Ljava/lang/Object;' in 'java/lang/invoke/DirectMethodHandle$Holder')}
  0x00007978ec833520: 7208 48ba | 3811 0a82 | 7879 0000 | 488d 9270 

  0x00007978ec833530: ;   {oop(a 'java/lang/invoke/DirectMethodHandle$Constructor'{0x000000062baa3b88})}
  0x00007978ec833530: 0200 0048 | b988 3baa | 2b06 0000 

  0x00007978ec83353c: ;   {metadata('java/lang/invoke/DirectMethodHandle$Constructor')}
  0x00007978ec83353c: 0048 bed0 | ca25 8678 | 7900 004c | 8bd6 4833 | 3248 f7c6 | fcff ffff | 7427 40f6 | c602 7521 
  0x00007978ec83355c: 48f7 02fe | ffff ff74 | 1549 8bf2 | 4833 3248 | f7c6 fcff | ffff 7409 | 4883 0a02 | eb03 4889 
  0x00007978ec83357c: ;   {metadata('org/ants/jpndd/diagram/NDD')}
  0x00007978ec83357c: 3248 be08 | 0a00 8778 | 7900 004c | 8bd6 4833 | 7210 48f7 | c6fc ffff | ff74 2b40 | f6c6 0275 
  0x00007978ec83359c: 2548 f742 | 10fe ffff | ff74 1749 | 8bf2 4833 | 7210 48f7 | c6fc ffff | ff74 0b48 | 834a 1002 
  0x00007978ec8335bc: eb04 4889 

  0x00007978ec8335c0: ;   {metadata(method data for {method} {0x00007978861e0988} 'linkToTargetMethod' '(Ljava/lang/Object;Ljava/lang/Object;Ljava/lang/Object;)Ljava/lang/Object;' in 'java/lang/invoke/Invokers$Holder')}
  0x00007978ec8335c0: 7210 48ba | e80e 0a82 | 7879 0000 | 4883 8270 | 0100 0001 

  0x00007978ec8335d4: ;   {metadata(method data for {method} {0x00007978861e55c0} 'newInvokeSpecial' '(Ljava/lang/Object;Ljava/lang/Object;Ljava/lang/Object;)Ljava/lang/Object;' in 'java/lang/invoke/DirectMethodHandle$Holder')}
  0x00007978ec8335d4: 48ba 3811 | 0a82 7879 | 0000 8bb2 | f400 0000 | 83c6 0289 | b2f4 0000 | 0081 e6fe | ff1f 0085 
  0x00007978ec8335f4: f60f 84c4 

  0x00007978ec8335f8: ;   {metadata(method data for {method} {0x00007978861e55c0} 'newInvokeSpecial' '(Ljava/lang/Object;Ljava/lang/Object;Ljava/lang/Object;)Ljava/lang/Object;' in 'java/lang/invoke/DirectMethodHandle$Holder')}
  0x00007978ec8335f8: 1400 0048 | ba38 110a | 8278 7900 | 0048 8d92 | 5001 0000 

  0x00007978ec83360c: ;   {metadata('java/lang/invoke/DirectMethodHandle$Constructor')}
  0x00007978ec83360c: 48be d0ca | 2586 7879 | 0000 4c8b | d648 3372 | 0848 f7c6 | fcff ffff | 742b 40f6 | c602 7525 
  0x00007978ec83362c: 48f7 4208 | feff ffff | 7417 498b | f248 3372 | 0848 f7c6 | fcff ffff | 740b 4883 | 4a08 02eb 
  0x00007978ec83364c: 0448 8972 

  0x00007978ec833650: ;   {metadata(method data for {method} {0x00007978861e55c0} 'newInvokeSpecial' '(Ljava/lang/Object;Ljava/lang/Object;Ljava/lang/Object;)Ljava/lang/Object;' in 'java/lang/invoke/DirectMethodHandle$Holder')}
  0x00007978ec833650: 0848 ba38 | 110a 8278 | 7900 0048 | 8382 4001 

  0x00007978ec833660: ;   {metadata(method data for {method} {0x00007978861d6dc8} 'allocateInstance' '(Ljava/lang/Object;)Ljava/lang/Object;' in 'java/lang/invoke/DirectMethodHandle')}
  0x00007978ec833660: 0000 0148 | bac0 130a | 8278 7900 | 008b b2f4 | 0000 0083 | c602 89b2 | f400 0000 | 81e6 feff 
  0x00007978ec833680: 1f00 85f6 | 0f84 5614 

  0x00007978ec833688: ;   {oop(a 'jdk/internal/misc/Unsafe'{0x000000062b803948})}
  0x00007978ec833688: 0000 48be | 4839 802b | 0600 0000 

  0x00007978ec833694: ;   {metadata(method data for {method} {0x00007978861d6dc8} 'allocateInstance' '(Ljava/lang/Object;)Ljava/lang/Object;' in 'java/lang/invoke/DirectMethodHandle')}
  0x00007978ec833694: 488b d649 | b8c0 130a | 8278 7900 | 0049 8380 | 7001 0000 

  0x00007978ec8336a8: ;   {oop(a 'java/lang/Class'{0x000000062baa3438} = 'org/ants/jpndd/diagram/NDD$$Lambda+0x0000797887001638')}
  0x00007978ec8336a8: 0148 ba38 | 34aa 2b06 | 0000 0048 | 898c 2418 | 0100 000f 

  0x00007978ec8336bc: ;   {optimized virtual_call}
  0x00007978ec8336bc: 1f40 00e8 

  0x00007978ec8336c0: ; ImmutableOopMap {[200]=Oop [208]=Oop [216]=Oop [280]=Oop [288]=Oop }
                      ;*invokevirtual allocateInstance {reexecute=0 rethrow=0 return_oop=0}
                      ; - java.lang.invoke.DirectMethodHandle::allocateInstance@12 (line 500)
                      ; - java.lang.invoke.DirectMethodHandle$Holder::newInvokeSpecial@1
                      ; - java.lang.invoke.Invokers$Holder::linkToTargetMethod@6
                      ; - org.ants.jpndd.diagram.NDD::andRec@268 (line 431)
  0x00007978ec8336c0: 6c37 aa07 

  0x00007978ec8336c4: ;   {other}
  0x00007978ec8336c4: 0f1f 8400 | bc20 0015 | 4889 8424 | 2801 0000 

  0x00007978ec8336d4: ;   {metadata(method data for {method} {0x00007978861e55c0} 'newInvokeSpecial' '(Ljava/lang/Object;Ljava/lang/Object;Ljava/lang/Object;)Ljava/lang/Object;' in 'java/lang/invoke/DirectMethodHandle$Holder')}
  0x00007978ec8336d4: 48be 3811 | 0a82 7879 | 0000 488d | b660 0100 | 0048 85c0 | 750c f606 | 0175 4df0 | 4883 0e01 
  0x00007978ec8336f4: eb46 8b78 | 0849 ba00 | 0000 8678 | 7900 0049 | 03fa 4c8b | d748 333e | 48f7 c7fc | ffff ff74 
  0x00007978ec833714: 2740 f6c7 | 0275 2148 | f706 feff | ffff 7415 | 498b fa48 | 333e 48f7 | c7fc ffff | ff74 0948 
  0x00007978ec833734: 830e 02eb | 0348 893e 

  0x00007978ec83373c: ;   {metadata(method data for {method} {0x00007978861e55c0} 'newInvokeSpecial' '(Ljava/lang/Object;Ljava/lang/Object;Ljava/lang/Object;)Ljava/lang/Object;' in 'java/lang/invoke/DirectMethodHandle$Holder')}
  0x00007978ec83373c: 48be 3811 | 0a82 7879 | 0000 488d | b680 0100 | 0048 8b8c | 2418 0100 

  0x00007978ec833754: ;   {metadata('java/lang/invoke/DirectMethodHandle$Constructor')}
  0x00007978ec833754: 0048 bfd0 | ca25 8678 | 7900 004c | 8bd7 4833 | 7e08 48f7 | c7fc ffff | ff74 2b40 | f6c7 0275 
  0x00007978ec833774: 2548 f746 | 08fe ffff | ff74 1749 | 8bfa 4833 | 7e08 48f7 | c7fc ffff | ff74 0b48 | 834e 0802 
  0x00007978ec833794: eb04 4889 

  0x00007978ec833798: ;   {metadata(method data for {method} {0x00007978861e55c0} 'newInvokeSpecial' '(Ljava/lang/Object;Ljava/lang/Object;Ljava/lang/Object;)Ljava/lang/Object;' in 'java/lang/invoke/DirectMethodHandle$Holder')}
  0x00007978ec833798: 7e08 48be | 3811 0a82 | 7879 0000 | 4883 8670 | 0100 0001 

  0x00007978ec8337ac: ;   {metadata(method data for {method} {0x00007978861d7870} 'constructorMethod' '(Ljava/lang/Object;)Ljava/lang/Object;' in 'java/lang/invoke/DirectMethodHandle')}
  0x00007978ec8337ac: 48be a015 | 0a82 7879 | 0000 8bbe | f400 0000 | 83c7 0289 | bef4 0000 | 0081 e7fe | ff1f 0085 
  0x00007978ec8337cc: ff0f 842e 

  0x00007978ec8337d0: ;   {metadata(method data for {method} {0x00007978861e55c0} 'newInvokeSpecial' '(Ljava/lang/Object;Ljava/lang/Object;Ljava/lang/Object;)Ljava/lang/Object;' in 'java/lang/invoke/DirectMethodHandle$Holder')}
  0x00007978ec8337d0: 1300 0048 | be38 110a | 8278 7900 | 0048 8db6 | 9001 0000 

  0x00007978ec8337e4: ;   {oop(a 'java/lang/invoke/MemberName'{0x000000062baa3b10} = {method} {0x00007978824147b0} '<init>' '(Lorg/ants/jpndd/diagram/NDD;Ljava/util/Map;)V' in 'org/ants/jpndd/diagram/NDD$$Lambda+0x0000797887001638')}
  0x00007978ec8337e4: 48bf 103b | aa2b 0600 

  0x00007978ec8337ec: ;   {metadata('java/lang/invoke/MemberName')}
  0x00007978ec8337ec: 0000 48bf | c8d3 1c86 | 7879 0000 | 4c8b d748 | 333e 48f7 | c7fc ffff | ff74 2740 | f6c7 0275 
  0x00007978ec83380c: 2148 f706 | feff ffff | 7415 498b | fa48 333e | 48f7 c7fc | ffff ff74 | 0948 830e | 02eb 0348 
  0x00007978ec83382c: 893e 483b 

  0x00007978ec833830: ;   {metadata(method data for {method} {0x00007978861e55c0} 'newInvokeSpecial' '(Ljava/lang/Object;Ljava/lang/Object;Ljava/lang/Object;)Ljava/lang/Object;' in 'java/lang/invoke/DirectMethodHandle$Holder')}
  0x00007978ec833830: 0048 be38 | 110a 8278 | 7900 0048 | 8db6 e001 

  0x00007978ec833840: ;   {metadata('org/ants/jpndd/diagram/NDD$$Lambda+0x0000797887001638')}
  0x00007978ec833840: 0000 48bf | 3816 0087 | 7879 0000 | 4c8b d748 | 337e 0848 | f7c7 fcff | ffff 742b | 40f6 c702 
  0x00007978ec833860: 7525 48f7 | 4608 feff | ffff 7417 | 498b fa48 | 337e 0848 | f7c7 fcff | ffff 740b | 4883 4e08 
  0x00007978ec833880: 02eb 0448 | 897e 0848 | 8b94 24d0 

  0x00007978ec83388c: ;   {metadata('org/ants/jpndd/diagram/NDD')}
  0x00007978ec83388c: 0000 0048 | bf08 0a00 | 8778 7900 | 004c 8bd7 | 4833 7e18 | 48f7 c7fc | ffff ff74 | 2b40 f6c7 
  0x00007978ec8338ac: 0275 2548 | f746 18fe | ffff ff74 | 1749 8bfa | 4833 7e18 | 48f7 c7fc | ffff ff74 | 0b48 834e 
  0x00007978ec8338cc: 1802 eb04 | 4889 7e18 

  0x00007978ec8338d4: ;   {metadata(method data for {method} {0x00007978861e55c0} 'newInvokeSpecial' '(Ljava/lang/Object;Ljava/lang/Object;Ljava/lang/Object;)Ljava/lang/Object;' in 'java/lang/invoke/DirectMethodHandle$Holder')}
  0x00007978ec8338d4: 488b f048 | bf38 110a | 8278 7900 | 0048 8387 | d001 0000 

  0x00007978ec8338e8: ;   {metadata(method data for {method} {0x00007978824147b0} '<init>' '(Lorg/ants/jpndd/diagram/NDD;Ljava/util/Map;)V' in 'org/ants/jpndd/diagram/NDD$$Lambda+0x0000797887001638')}
  0x00007978ec8338e8: 0148 be08 | 7141 8278 | 7900 008b | bef4 0000 | 0083 c702 | 89be f400 | 0000 81e7 | feff 1f00 
  0x00007978ec833908: 85ff 0f84 | 1712 0000 

  0x00007978ec833910: ;   {metadata(method data for {method} {0x00007978824147b0} '<init>' '(Lorg/ants/jpndd/diagram/NDD;Ljava/util/Map;)V' in 'org/ants/jpndd/diagram/NDD$$Lambda+0x0000797887001638')}
  0x00007978ec833910: 488b f048 | bf08 7141 | 8278 7900 | 0048 8387 | 4001 0000 

  0x00007978ec833924: ;   {metadata(method data for {method} {0x000079788649d428} '<init>' '()V' in 'java/lang/Object')}
  0x00007978ec833924: 0148 bec8 | 9600 8278 | 7900 008b | bef4 0000 | 0083 c702 | 89be f400 | 0000 81e7 | feff 1f00 
  0x00007978ec833944: 85ff 0f84 | fc11 0000 | 410f be77 | 3885 f60f | 8510 1200 | 004c 8bd2 | 49c1 ea03 | 4489 500c 
  0x00007978ec833964: 488b f048 | 33f2 48c1 | ee16 4883 | fe00 0f85 | 1012 0000 | 410f be77 | 3885 f60f | 851b 1200 
  0x00007978ec833984: 0048 8bbc | 24d8 0000 | 004c 8bd7 | 49c1 ea03 | 4489 5010 | 488b f048 | 33f7 48c1 | ee16 4883 
  0x00007978ec8339a4: fe00 0f85 | 1312 0000 

  0x00007978ec8339ac: ;   {metadata(method data for {method} {0x00007978861e0988} 'linkToTargetMethod' '(Ljava/lang/Object;Ljava/lang/Object;Ljava/lang/Object;)Ljava/lang/Object;' in 'java/lang/invoke/Invokers$Holder')}
  0x00007978ec8339ac: 48be e80e | 0a82 7879 | 0000 488d | b6c0 0100 | 0048 85c0 | 750c f606 | 0175 4cf0 | 4883 0e01 
  0x00007978ec8339cc: eb45 8b58 | 0849 ba00 | 0000 8678 | 7900 0049 | 03da 4c8b | d348 331e | 48f7 c3fc | ffff ff74 
  0x00007978ec8339ec: 26f6 c302 | 7521 48f7 | 06fe ffff | ff74 1549 | 8bda 4833 | 1e48 f7c3 | fcff ffff | 7409 4883 
  0x00007978ec833a0c: 0e02 eb03 

  0x00007978ec833a10: ;   {metadata(method data for {method} {0x0000797882404260} 'andRec' '(Lorg/ants/jpndd/diagram/NDD;Lorg/ants/jpndd/diagram/NDD;)Lorg/ants/jpndd/diagram/NDD;' in 'org/ants/jpndd/diagram/NDD')}
  0x00007978ec833a10: 4889 1e48 | bec0 6441 | 8278 7900 | 0048 8db6 | c808 0000 | 4885 c075 | 0cf6 0601 | 754c f048 
  0x00007978ec833a30: 830e 01eb | 458b 5808 | 49ba 0000 | 0086 7879 | 0000 4903 | da4c 8bd3 | 4833 1e48 | f7c3 fcff 
  0x00007978ec833a50: ffff 7426 | f6c3 0275 | 2148 f706 | feff ffff | 7415 498b | da48 331e | 48f7 c3fc | ffff ff74 
  0x00007978ec833a70: 0948 830e | 02eb 0348 | 891e 488b | 9c24 2001 | 0000 4885 | db0f 842a 

  0x00007978ec833a88: ;   {metadata('java/util/stream/ReferencePipeline$Head')}
  0x00007978ec833a88: 0000 0049 | b9b8 5b20 | 8678 7900 | 0044 8b43 | 0849 ba00 | 0000 8678 | 7900 004d | 03c2 4d3b 
  0x00007978ec833aa8: 4850 0f85 | 2711 0000 | e900 0000 | 0048 8bf3 

  0x00007978ec833ab8: ; implicit exception: dispatches to 0x00007978ec834bdc
  0x00007978ec833ab8: 483b 0348 

  0x00007978ec833abc: ;   {metadata(method data for {method} {0x0000797882404260} 'andRec' '(Lorg/ants/jpndd/diagram/NDD;Lorg/ants/jpndd/diagram/NDD;)Lorg/ants/jpndd/diagram/NDD;' in 'org/ants/jpndd/diagram/NDD')}
  0x00007978ec833abc: 8bf3 48b9 | c064 4182 | 7879 0000 

  0x00007978ec833ac8: ;   {metadata('java/util/stream/ReferencePipeline$Head')}
  0x00007978ec833ac8: 49ba b85b | 2086 7879 | 0000 4c89 | 91e0 0800 | 0048 8381 | e808 0000 

  0x00007978ec833ae0: ;   {metadata(method data for {method} {0x0000797886207600} 'forEach' '(Ljava/util/function/Consumer;)V' in 'java/util/stream/ReferencePipeline$Head')}
  0x00007978ec833ae0: 0148 be50 | 170a 8278 | 7900 008b | 8ef4 0000 | 0083 c102 | 898e f400 | 0000 81e1 | feff 1f00 
  0x00007978ec833b00: 85c9 0f84 | d910 0000 

  0x00007978ec833b08: ;   {metadata(method data for {method} {0x0000797886207600} 'forEach' '(Ljava/util/function/Consumer;)V' in 'java/util/stream/ReferencePipeline$Head')}
  0x00007978ec833b08: 488b f348 | b950 170a | 8278 7900 | 0048 8381 | 4001 0000 

  0x00007978ec833b1c: ;   {metadata(method data for {method} {0x00007978862077b8} 'isParallel' '()Z' in 'java/util/stream/AbstractPipeline')}
  0x00007978ec833b1c: 0148 be08 | 000a 8278 | 7900 008b | 8ef4 0000 | 0083 c102 | 898e f400 | 0000 81e1 | feff 1f00 
  0x00007978ec833b3c: 85c9 0f84 | be10 0000 | 8b73 1c48 | c1e6 030f | be76 1983 | e601 85f6 

  0x00007978ec833b54: ;   {metadata(method data for {method} {0x0000797886207600} 'forEach' '(Ljava/util/function/Consumer;)V' in 'java/util/stream/ReferencePipeline$Head')}
  0x00007978ec833b54: 48be 5017 | 0a82 7879 | 0000 b970 | 0100 0075 | 05b9 8001 | 0000 4c8b | 040e 4d8d | 4001 4c89 
  0x00007978ec833b74: 040e 0f85 | b500 0000 

  0x00007978ec833b7c: ;   {metadata(method data for {method} {0x0000797886207600} 'forEach' '(Ljava/util/function/Consumer;)V' in 'java/util/stream/ReferencePipeline$Head')}
  0x00007978ec833b7c: 488b f348 | b950 170a | 8278 7900 | 0048 8381 | 9001 0000 | 0148 8bf3 

  0x00007978ec833b94: ;   {optimized virtual_call}
  0x00007978ec833b94: 6666 90e8 

  0x00007978ec833b98: ; ImmutableOopMap {[200]=Oop [208]=Oop [216]=Oop [296]=Oop }
                      ;*invokevirtual sourceStageSpliterator {reexecute=0 rethrow=0 return_oop=0}
                      ; - java.util.stream.ReferencePipeline$Head::forEach@8 (line 807)
                      ; - org.ants.jpndd.diagram.NDD::andRec@273 (line 431)
  0x00007978ec833b98: 4415 5507 

  0x00007978ec833b9c: ;   {other}
  0x00007978ec833b9c: 0f1f 8400 | 9425 0016 | 4885 c00f | 8428 0000 

  0x00007978ec833bac: ;   {metadata('java/util/concurrent/ConcurrentHashMap$EntrySpliterator')}
  0x00007978ec833bac: 0048 bbc8 | ef04 8778 | 7900 008b | 7008 49ba | 0000 0086 | 7879 0000 | 4903 f248 | 3bde 0f85 
  0x00007978ec833bcc: 5810 0000 | e900 0000 | 0048 8bd0 

  0x00007978ec833bd8: ; implicit exception: dispatches to 0x00007978ec834c2d
  0x00007978ec833bd8: 483b 0048 

  0x00007978ec833bdc: ;   {metadata(method data for {method} {0x0000797886207600} 'forEach' '(Ljava/util/function/Consumer;)V' in 'java/util/stream/ReferencePipeline$Head')}
  0x00007978ec833bdc: 8bd0 48be | 5017 0a82 | 7879 0000 

  0x00007978ec833be8: ;   {metadata('java/util/concurrent/ConcurrentHashMap$EntrySpliterator')}
  0x00007978ec833be8: 49ba c8ef | 0487 7879 | 0000 4c89 | 96c8 0100 | 0048 8386 | d001 0000 | 0148 8b94 | 2428 0100 
  0x00007978ec833c08: 0048 8bf0 

  0x00007978ec833c0c: ;   {optimized virtual_call}
  0x00007978ec833c0c: 6666 90e8 

  0x00007978ec833c10: ; ImmutableOopMap {[200]=Oop [208]=Oop [216]=Oop }
                      ;*invokeinterface forEachRemaining {reexecute=0 rethrow=0 return_oop=0}
                      ; - java.util.stream.ReferencePipeline$Head::forEach@12 (line 807)
                      ; - org.ants.jpndd.diagram.NDD::andRec@273 (line 431)
  0x00007978ec833c10: cc14 5507 

  0x00007978ec833c14: ;   {other}
  0x00007978ec833c14: 0f1f 8400 | 0c26 0017 

  0x00007978ec833c1c: ;   {metadata(method data for {method} {0x0000797886207600} 'forEach' '(Ljava/util/function/Consumer;)V' in 'java/util/stream/ReferencePipeline$Head')}
  0x00007978ec833c1c: 48ba 5017 | 0a82 7879 | 0000 ff82 | f001 0000 | e93b 0200 | 0048 8bd3 

  0x00007978ec833c34: ;   {metadata(method data for {method} {0x0000797886207600} 'forEach' '(Ljava/util/function/Consumer;)V' in 'java/util/stream/ReferencePipeline$Head')}
  0x00007978ec833c34: 48be 5017 | 0a82 7879 | 0000 4883 | 8608 0200 

  0x00007978ec833c44: ;   {metadata(method data for {method} {0x00007978863e1378} 'forEach' '(Ljava/util/function/Consumer;)V' in 'java/util/stream/ReferencePipeline')}
  0x00007978ec833c44: 0001 48ba | b01e 0a82 | 7879 0000 | 8bb2 f400 | 0000 83c6 | 0289 b2f4 | 0000 0081 | e6fe ff1f 
  0x00007978ec833c64: 0085 f60f | 84c5 0f00 

  0x00007978ec833c6c: ;   {metadata(method data for {method} {0x00007978863e1378} 'forEach' '(Ljava/util/function/Consumer;)V' in 'java/util/stream/ReferencePipeline')}
  0x00007978ec833c6c: 0048 bab0 | 1e0a 8278 | 7900 0048 | 8382 4001 

  0x00007978ec833c7c: ;   {metadata(method data for {method} {0x00007978863e3f18} 'makeRef' '(Ljava/util/function/Consumer;Z)Ljava/util/stream/TerminalOp;' in 'java/util/stream/ForEachOps')}
  0x00007978ec833c7c: 0000 0148 | ba78 200a | 8278 7900 | 008b b2f4 | 0000 0083 | c602 89b2 | f400 0000 | 81e6 feff 
  0x00007978ec833c9c: 1f00 85f6 | 0f84 ad0f 

  0x00007978ec833ca4: ;   {metadata(method data for {method} {0x00007978863e3f18} 'makeRef' '(Ljava/util/function/Consumer;Z)Ljava/util/stream/TerminalOp;' in 'java/util/stream/ForEachOps')}
  0x00007978ec833ca4: 0000 48ba | 7820 0a82 | 7879 0000 | 4883 8240 | 0100 0001 

  0x00007978ec833cb8: ;   {metadata(method data for {method} {0x00007978861eed90} 'requireNonNull' '(Ljava/lang/Object;)Ljava/lang/Object;' in 'java/util/Objects')}
  0x00007978ec833cb8: 48ba 28f7 | 0282 7879 | 0000 8bb2 | f400 0000 | 83c6 0289 | b2f4 0000 | 0081 e6fe | ff1f 0085 
  0x00007978ec833cd8: f60f 8495 | 0f00 0048 

  0x00007978ec833ce0: ;   {metadata(method data for {method} {0x00007978861eed90} 'requireNonNull' '(Ljava/lang/Object;)Ljava/lang/Object;' in 'java/util/Objects')}
  0x00007978ec833ce0: 85c0 48ba | 28f7 0282 | 7879 0000 | be50 0100 | 0074 05be | 4001 0000 | 488b 3c32 | 488d 7f01 
  0x00007978ec833d00: 4889 3c32 | 0f84 770a 

  0x00007978ec833d08: ;   {metadata('java/util/stream/ForEachOps$ForEachOp$OfRef')}
  0x00007978ec833d08: 0000 48ba | 8832 3e86 | 7879 0000 | 4c8b c049 | 8b87 b801 | 0000 488d | 7818 493b | bfc8 0100 
  0x00007978ec833d28: 000f 8766 | 0f00 0049 | 89bf b801 | 0000 48c7 | 0001 0000 | 0048 8bca | 49ba 0000 | 0086 7879 
  0x00007978ec833d48: 0000 492b | ca89 4808 | 4833 c989 | 480c 4833 | c948 8948 | 1048 8bd0 

  0x00007978ec833d60: ;   {metadata(method data for {method} {0x00007978863e3f18} 'makeRef' '(Ljava/util/function/Consumer;Z)Ljava/util/stream/TerminalOp;' in 'java/util/stream/ForEachOps')}
  0x00007978ec833d60: 48be 7820 | 0a82 7879 | 0000 4883 | 8650 0100 

  0x00007978ec833d70: ;   {metadata(method data for {method} {0x000079788643c418} '<init>' '(Ljava/util/function/Consumer;Z)V' in 'java/util/stream/ForEachOps$ForEachOp$OfRef')}
  0x00007978ec833d70: 0001 48ba | 2022 0a82 | 7879 0000 | 8bb2 f400 | 0000 83c6 | 0289 b2f4 | 0000 0081 | e6fe ff1f 
  0x00007978ec833d90: 0085 f60f | 8409 0f00 | 0048 8bd0 

  0x00007978ec833d9c: ;   {metadata(method data for {method} {0x000079788643c418} '<init>' '(Ljava/util/function/Consumer;Z)V' in 'java/util/stream/ForEachOps$ForEachOp$OfRef')}
  0x00007978ec833d9c: 48be 2022 | 0a82 7879 | 0000 4883 | 8640 0100 

  0x00007978ec833dac: ;   {metadata(method data for {method} {0x000079788643c698} '<init>' '(Z)V' in 'java/util/stream/ForEachOps$ForEachOp')}
  0x00007978ec833dac: 0001 48ba | b023 0a82 | 7879 0000 | 8bb2 f400 | 0000 83c6 | 0289 b2f4 | 0000 0081 | e6fe ff1f 
  0x00007978ec833dcc: 0085 f60f | 84ee 0e00 | 0048 8bd0 

  0x00007978ec833dd8: ;   {metadata(method data for {method} {0x000079788643c698} '<init>' '(Z)V' in 'java/util/stream/ForEachOps$ForEachOp')}
  0x00007978ec833dd8: 48be b023 | 0a82 7879 | 0000 4883 | 8640 0100 

  0x00007978ec833de8: ;   {metadata(method data for {method} {0x000079788649d428} '<init>' '()V' in 'java/lang/Object')}
  0x00007978ec833de8: 0001 48ba | c896 0082 | 7879 0000 | 8bb2 f400 | 0000 83c6 | 0289 b2f4 | 0000 0081 | e6fe ff1f 
  0x00007978ec833e08: 0085 f60f | 84d3 0e00 | 0041 0fbe | 5738 85d2 | 0f85 e70e | 0000 4d8b | d049 c1ea | 0344 8950 
  0x00007978ec833e28: 1048 8bd0 | 4933 d048 | c1ea 1648 | 83fa 000f | 85e7 0e00 | 0048 8bd3 

  0x00007978ec833e40: ;   {metadata(method data for {method} {0x00007978863e1378} 'forEach' '(Ljava/util/function/Consumer;)V' in 'java/util/stream/ReferencePipeline')}
  0x00007978ec833e40: 48be b01e | 0a82 7879 | 0000 4883 | 8650 0100 | 0001 488b | d048 8bf3 | 0f1f 8000 

  0x00007978ec833e5c: ;   {optimized virtual_call}
  0x00007978ec833e5c: 0000 00e8 

  0x00007978ec833e60: ; ImmutableOopMap {[200]=Oop [208]=Oop [216]=Oop }
                      ;*invokevirtual evaluate {reexecute=0 rethrow=0 return_oop=0}
                      ; - java.util.stream.ReferencePipeline::forEach@6 (line 636)
                      ; - java.util.stream.ReferencePipeline$Head::forEach@22 (line 810)
                      ; - org.ants.jpndd.diagram.NDD::andRec@273 (line 431)
  0x00007978ec833e60: 0213 0000 

  0x00007978ec833e64: ;   {other}
  0x00007978ec833e64: 0f1f 8400 | 5c28 0018 | 488b b424 | c800 0000 

  0x00007978ec833e74: ;   {metadata(method data for {method} {0x0000797882404260} 'andRec' '(Lorg/ants/jpndd/diagram/NDD;Lorg/ants/jpndd/diagram/NDD;)Lorg/ants/jpndd/diagram/NDD;' in 'org/ants/jpndd/diagram/NDD')}
  0x00007978ec833e74: 8b56 0c48 | b9c0 6441 | 8278 7900 | 0048 8381 | 0809 0000 

  0x00007978ec833e88: ;   {metadata(method data for {method} {0x0000797882406fd8} 'mk' '(ILjava/util/Map;)Lorg/ants/jpndd/diagram/NDD;' in 'org/ants/jpndd/diagram/NDD')}
  0x00007978ec833e88: 0148 b9f8 | 5d41 8278 | 7900 008b | b9f4 0000 | 0083 c702 | 89b9 f400 | 0000 81e7 | feff 1f00 
  0x00007978ec833ea8: 85ff 0f84 | 8c0e 0000 

  0x00007978ec833eb0: ;   {oop(a 'java/lang/Class'{0x000000062b827a30} = 'org/ants/jpndd/diagram/NDD')}
  0x00007978ec833eb0: 48bf 307a | 822b 0600 | 0000 8b5f | 7048 c1e3 | 0348 3b03 

  0x00007978ec833ec4: ;   {metadata(method data for {method} {0x0000797882406fd8} 'mk' '(ILjava/util/Map;)Lorg/ants/jpndd/diagram/NDD;' in 'org/ants/jpndd/diagram/NDD')}
  0x00007978ec833ec4: 488b cb48 | b8f8 5d41 | 8278 7900 | 0048 8380 | 5001 0000 | 0148 8b8c | 24d8 0000 | 0048 8bf3 
  0x00007978ec833ee4: 4889 bc24 | 3001 0000 

  0x00007978ec833eec: ;   {optimized virtual_call}
  0x00007978ec833eec: 6666 90e8 

  0x00007978ec833ef0: ; ImmutableOopMap {[200]=Oop [208]=Oop [304]=Oop }
                      ;*invokevirtual mk {reexecute=0 rethrow=0 return_oop=0}
                      ; - org.ants.jpndd.diagram.NDD::mk@5 (line 1214)
                      ; - org.ants.jpndd.diagram.NDD::andRec@283 (line 451)
  0x00007978ec833ef0: 4c45 ffff 

  0x00007978ec833ef4: ;   {other}
  0x00007978ec833ef4: 0f1f 8400 | ec28 0019 | 488b bc24 | 3001 0000 | 8b97 8c00 | 0000 48c1 | e203 483b | 0248 8bca 
  0x00007978ec833f14: ;   {metadata(method data for {method} {0x0000797882404260} 'andRec' '(Lorg/ants/jpndd/diagram/NDD;Lorg/ants/jpndd/diagram/NDD;)Lorg/ants/jpndd/diagram/NDD;' in 'org/ants/jpndd/diagram/NDD')}
  0x00007978ec833f14: 48be c064 | 4182 7879 | 0000 8b49 | 0849 ba00 | 0000 8678 | 7900 0049 | 03ca 483b | 8e20 0900 
  0x00007978ec833f34: 0075 0d48 | 8386 2809 | 0000 01e9 | 6000 0000 | 483b 8e30 | 0900 0075 | 0d48 8386 | 3809 0000 
  0x00007978ec833f54: 01e9 4a00 | 0000 4883 | be20 0900 | 0000 7517 | 4889 8e20 | 0900 0048 | c786 2809 | 0000 0100 
  0x00007978ec833f74: 0000 e929 | 0000 0048 | 83be 3009 | 0000 0075 | 1748 898e | 3009 0000 | 48c7 8638 | 0900 0001 
  0x00007978ec833f94: 0000 00e9 | 0800 0000 | 4883 8618 | 0900 0001 

  0x00007978ec833fa4: ;   {metadata(method data for {method} {0x00007978862021b8} 'add' '(Ljava/lang/Object;)Z' in 'java/util/HashSet')}
  0x00007978ec833fa4: 48b9 18fe | 0982 7879 | 0000 8bb1 | f400 0000 | 83c6 0289 | b1f4 0000 | 0081 e6fe | ff1f 0085 
  0x00007978ec833fc4: f60f 849c | 0d00 008b | 720c 48c1 | e603 483b | 0648 8bd6 

  0x00007978ec833fd8: ;   {metadata(method data for {method} {0x00007978862021b8} 'add' '(Ljava/lang/Object;)Z' in 'java/util/HashSet')}
  0x00007978ec833fd8: 48b9 18fe | 0982 7879 | 0000 8b52 | 0849 ba00 | 0000 8678 | 7900 0049 | 03d2 483b | 9148 0100 
  0x00007978ec833ff8: 0075 0d48 | 8381 5001 | 0000 01e9 | 6000 0000 | 483b 9158 | 0100 0075 | 0d48 8381 | 6001 0000 
  0x00007978ec834018: 01e9 4a00 | 0000 4883 | b948 0100 | 0000 7517 | 4889 9148 | 0100 0048 | c781 5001 | 0000 0100 
  0x00007978ec834038: 0000 e929 | 0000 0048 | 83b9 5801 | 0000 0075 | 1748 8991 | 5801 0000 | 48c7 8160 | 0100 0001 
  0x00007978ec834058: 0000 00e9 | 0800 0000 | 4883 8140 | 0100 0001 

  0x00007978ec834068: ;   {oop(a 'java/lang/Object'{0x000000062b80ff90})}
  0x00007978ec834068: 488b d048 | b990 ff80 | 2b06 0000 | 0048 8984 | 2438 0100 

  0x00007978ec83407c: ;   {optimized virtual_call}
  0x00007978ec83407c: 0066 90e8 

  0x00007978ec834080: ; ImmutableOopMap {[200]=Oop [208]=Oop [312]=Oop }
                      ;*invokevirtual put {reexecute=0 rethrow=0 return_oop=0}
                      ; - java.util.HashSet::add@8 (line 230)
                      ; - org.ants.jpndd.diagram.NDD::andRec@291 (line 453)
  0x00007978ec834080: 5c8f ffff 

  0x00007978ec834084: ;   {other}
  0x00007978ec834084: 0f1f 8400 | 7c2a 001a 

  0x00007978ec83408c: ;   {metadata(method data for {method} {0x00007978862021b8} 'add' '(Ljava/lang/Object;)Z' in 'java/util/HashSet')}
  0x00007978ec83408c: 4885 c048 | b818 fe09 | 8278 7900 | 00be 7001 | 0000 7505 | be80 0100 | 0048 8b14 | 3048 8d52 
  0x00007978ec8340ac: 0148 8914 | 300f 851a 

  0x00007978ec8340b4: ;   {metadata(method data for {method} {0x00007978862021b8} 'add' '(Ljava/lang/Object;)Z' in 'java/util/HashSet')}
  0x00007978ec8340b4: 0000 0048 | b818 fe09 | 8278 7900 | 00ff 8090 | 0100 00b8 | 0100 0000 | e905 0000 | 00b8 0000 
  0x00007978ec8340d4: 0000 83e0 | 0148 8b84 | 2438 0100 | 0048 8b94 | 24d0 0000 | 0048 8bb4 | 24c8 0000 

  0x00007978ec8340f0: ;   {oop(a 'java/lang/Class'{0x000000062b827a30} = 'org/ants/jpndd/diagram/NDD')}
  0x00007978ec8340f0: 0048 bf30 | 7a82 2b06 | 0000 008b | bf94 0000 | 0048 c1e7 | 038b 5f14 

  0x00007978ec834108: ;   {metadata(method data for {method} {0x0000797882404260} 'andRec' '(Lorg/ants/jpndd/diagram/NDD;Lorg/ants/jpndd/diagram/NDD;)Lorg/ants/jpndd/diagram/NDD;' in 'org/ants/jpndd/diagram/NDD')}
  0x00007978ec834108: 488b cf49 | b8c0 6441 | 8278 7900 

  0x00007978ec834114: ;   {metadata('org/ants/jpndd/cache/OperationCache')}
  0x00007978ec834114: 0049 ba08 | 1200 8778 | 7900 004d | 8990 5009 | 0000 4983 | 8058 0900 

  0x00007978ec83412c: ;   {metadata(method data for {method} {0x000079788240edd0} 'setEntry' '(ILjava/lang/Object;Ljava/lang/Object;Ljava/lang/Object;)V' in 'org/ants/jpndd/cache/OperationCache')}
  0x00007978ec83412c: 0001 48b9 | 9872 4182 | 7879 0000 | 448b 81f4 | 0000 0041 | 83c0 0244 | 8981 f400 | 0000 4181 
  0x00007978ec83414c: e0fe ff1f | 0045 85c0 | 0f84 380c | 0000 488b 

  0x00007978ec83415c: ;   {metadata(method data for {method} {0x000079788240edd0} 'setEntry' '(ILjava/lang/Object;Ljava/lang/Object;Ljava/lang/Object;)V' in 'org/ants/jpndd/cache/OperationCache')}
  0x00007978ec83415c: cf49 b898 | 7241 8278 | 7900 0049 | 8380 4001 

  0x00007978ec83416c: ;   {metadata(method data for {method} {0x000079788240eb38} 'setOperand' '(IILjava/lang/Object;)V' in 'org/ants/jpndd/cache/OperationCache')}
  0x00007978ec83416c: 0000 0148 | b9f8 6241 | 8278 7900 | 0044 8b81 | f400 0000 | 4183 c002 | 4489 81f4 | 0000 0041 
  0x00007978ec83418c: 81e0 feff | 1f00 4585 | c00f 8418 | 0c00 008b | 4f18 48c1 | e103 448b | 4710 4c8b | cb45 0faf 
  0x00007978ec8341ac: c84d 8bc1 | 41ff c044 | 3b41 0c0f | 8321 0c00 | 0048 85f6 

  0x00007978ec8341c0: ;   {metadata(method data for {method} {0x000079788240eb38} 'setOperand' '(IILjava/lang/Object;)V' in 'org/ants/jpndd/cache/OperationCache')}
  0x00007978ec8341c0: 49bd f862 | 4182 7879 | 0000 750d | 4180 8d39 | 0100 0001 | e9e8 0000 | 0044 8b5e | 0849 ba00 
  0x00007978ec8341e0: 0000 8678 | 7900 004d | 03da 4d3b | 9d48 0100 | 0075 0d49 | 8385 5001 | 0000 01e9 | 6000 0000 
  0x00007978ec834200: 4d3b 9d58 | 0100 0075 | 0d49 8385 | 6001 0000 | 01e9 4a00 | 0000 4983 | bd48 0100 | 0000 7517 
  0x00007978ec834220: 4d89 9d48 | 0100 0049 | c785 5001 | 0000 0100 | 0000 e929 | 0000 0049 | 83bd 5801 | 0000 0075 
  0x00007978ec834240: 174d 899d | 5801 0000 | 49c7 8560 | 0100 0001 | 0000 00e9 | 0800 0000 | 4983 8540 | 0100 0001 
  0x00007978ec834260: ; implicit exception: dispatches to 0x00007978ec834dec
  0x00007978ec834260: 448b 5908 | 49ba 0000 | 0086 7879 | 0000 4d03 | da44 8b6e | 0849 ba00 | 0000 8678 | 7900 004d 
  0x00007978ec834280: 03ea 4d8b | 9be0 0000 | 004d 3beb | 0f84 2f00 | 0000 458b | 7314 4f3b | 5c35 000f | 8420 0000 
  0x00007978ec8342a0: 0041 83fe | 200f 8546 | 0b00 0041 

  0x00007978ec8342ac: ;   {runtime_call slow_subtype_check Runtime1 stub}
  0x00007978ec8342ac: 5541 53e8 | 8c37 6107 | 415d 415b | 4585 db0f | 8430 0b00 | 004d 63c0 | 4e8d 4481 | 1045 0fbe 
  0x00007978ec8342cc: 5f38 4585 | db0f 8523 | 0b00 004c | 8bd6 49c1 | ea03 4589 | 104d 8bd8 | 4c33 de49 | c1eb 1649 
  0x00007978ec8342ec: 83fb 000f | 8524 0b00 | 0048 8bf7 

  0x00007978ec8342f8: ;   {metadata(method data for {method} {0x000079788240edd0} 'setEntry' '(ILjava/lang/Object;Ljava/lang/Object;Ljava/lang/Object;)V' in 'org/ants/jpndd/cache/OperationCache')}
  0x00007978ec8342f8: 49b8 9872 | 4182 7879 | 0000 4983 | 8050 0100 

  0x00007978ec834308: ;   {metadata(method data for {method} {0x000079788240eb38} 'setOperand' '(IILjava/lang/Object;)V' in 'org/ants/jpndd/cache/OperationCache')}
  0x00007978ec834308: 0001 48be | f862 4182 | 7879 0000 | 448b 86f4 | 0000 0041 | 83c0 0244 | 8986 f400 | 0000 4181 
  0x00007978ec834328: e0fe ff1f | 0045 85c0 | 0f84 fb0a | 0000 498b | f183 c602 | 3b71 0c0f | 830d 0b00 | 0048 85d2 
  0x00007978ec834348: ;   {metadata(method data for {method} {0x000079788240eb38} 'setOperand' '(IILjava/lang/Object;)V' in 'org/ants/jpndd/cache/OperationCache')}
  0x00007978ec834348: 49bb f862 | 4182 7879 | 0000 750d | 4180 8b39 | 0100 0001 | e9e7 0000 | 0044 8b42 | 0849 ba00 
  0x00007978ec834368: 0000 8678 | 7900 004d | 03c2 4d3b | 8348 0100 | 0075 0d49 | 8383 5001 | 0000 01e9 | 6000 0000 
  0x00007978ec834388: 4d3b 8358 | 0100 0075 | 0d49 8383 | 6001 0000 | 01e9 4a00 | 0000 4983 | bb48 0100 | 0000 7517 
  0x00007978ec8343a8: 4d89 8348 | 0100 0049 | c783 5001 | 0000 0100 | 0000 e929 | 0000 0049 | 83bb 5801 | 0000 0075 
  0x00007978ec8343c8: 174d 8983 | 5801 0000 | 49c7 8360 | 0100 0001 | 0000 00e9 | 0800 0000 | 4983 8340 | 0100 0001 
  0x00007978ec8343e8: ; implicit exception: dispatches to 0x00007978ec834e60
  0x00007978ec8343e8: 448b 4108 | 49ba 0000 | 0086 7879 | 0000 4d03 | c244 8b5a | 0849 ba00 | 0000 8678 | 7900 004d 
  0x00007978ec834408: 03da 4d8b | 80e0 0000 | 004d 3bd8 | 0f84 2e00 | 0000 458b | 6814 4f3b | 042b 0f84 | 2000 0000 
  0x00007978ec834428: 4183 fd20 | 0f85 330a | 0000 4153 

  0x00007978ec834434: ;   {runtime_call slow_subtype_check Runtime1 stub}
  0x00007978ec834434: 4150 e805 | 3661 0741 | 5b41 5845 | 85c0 0f84 | 1d0a 0000 | 4863 f648 | 8d74 b110 | 450f be47 
  0x00007978ec834454: 3845 85c0 | 0f85 100a | 0000 4c8b | d249 c1ea | 0344 8916 | 4c8b c64c | 33c2 49c1 | e816 4983 
  0x00007978ec834474: f800 0f85 | 110a 0000 

  0x00007978ec83447c: ;   {metadata(method data for {method} {0x000079788240edd0} 'setEntry' '(ILjava/lang/Object;Ljava/lang/Object;Ljava/lang/Object;)V' in 'org/ants/jpndd/cache/OperationCache')}
  0x00007978ec83447c: 488b f748 | ba98 7241 | 8278 7900 | 0048 8382 | 6001 0000 

  0x00007978ec834490: ;   {metadata(method data for {method} {0x000079788240e9a0} 'setResult' '(ILjava/lang/Object;)V' in 'org/ants/jpndd/cache/OperationCache')}
  0x00007978ec834490: 0148 be58 | 7441 8278 | 7900 008b | 96f4 0000 | 0083 c202 | 8996 f400 | 0000 81e2 | feff 1f00 
  0x00007978ec8344b0: 85d2 0f84 | ed09 0000 | 443b 490c | 0f83 040a | 0000 4885 

  0x00007978ec8344c4: ;   {metadata(method data for {method} {0x000079788240e9a0} 'setResult' '(ILjava/lang/Object;)V' in 'org/ants/jpndd/cache/OperationCache')}
  0x00007978ec8344c4: c048 ba58 | 7441 8278 | 7900 0075 | 0c80 8a39 | 0100 0001 | e9dd 0000 | 008b 7008 | 49ba 0000 
  0x00007978ec8344e4: 0086 7879 | 0000 4903 | f248 3bb2 | 4801 0000 | 750d 4883 | 8250 0100 | 0001 e960 | 0000 0048 
  0x00007978ec834504: 3bb2 5801 | 0000 750d | 4883 8260 | 0100 0001 | e94a 0000 | 0048 83ba | 4801 0000 | 0075 1748 
  0x00007978ec834524: 89b2 4801 | 0000 48c7 | 8250 0100 | 0001 0000 | 00e9 2900 | 0000 4883 | ba58 0100 | 0000 7517 
  0x00007978ec834544: 4889 b258 | 0100 0048 | c782 6001 | 0000 0100 | 0000 e908 | 0000 0048 | 8382 4001 | 0000 018b 
  0x00007978ec834564: 7108 49ba | 0000 0086 | 7879 0000 | 4903 f28b | 5008 49ba | 0000 0086 | 7879 0000 | 4903 d248 
  0x00007978ec834584: 8bb6 e000 | 0000 483b | d60f 8427 | 0000 008b | 7e14 483b | 343a 0f84 | 1a00 0000 | 83ff 200f 
  0x00007978ec8345a4: 8530 0900 

  0x00007978ec8345a8: ;   {runtime_call slow_subtype_check Runtime1 stub}
  0x00007978ec8345a8: 0052 56e8 | 9034 6107 | 5a5e 85f6 | 0f84 1f09 | 0000 4d63 | c94a 8d74 | 8910 410f | be57 3885 
  0x00007978ec8345c8: d20f 8513 | 0900 004c | 8bd0 49c1 | ea03 4489 | 1648 8bd6 | 4833 d048 | c1ea 1648 | 83fa 000f 
  0x00007978ec8345e8: 8513 0900 | 0048 81c4 | 5001 0000 

  0x00007978ec8345f4: ;   {poll_return}
  0x00007978ec8345f4: 5d49 3ba7 | 4804 0000 | 0f87 1609 | 0000 c348 | 8b94 24d0 | 0000 0048 | 8bb4 24c8 

  0x00007978ec834610: ;   {metadata(method data for {method} {0x0000797882404260} 'andRec' '(Lorg/ants/jpndd/diagram/NDD;Lorg/ants/jpndd/diagram/NDD;)Lorg/ants/jpndd/diagram/NDD;' in 'org/ants/jpndd/diagram/NDD')}
  0x00007978ec834610: 0000 0048 | bfc0 6441 | 8278 7900 | 0048 8387 | 2808 0000 | 0148 8bde | 488b f248 

  0x00007978ec83462c: ;   {static_call}
  0x00007978ec83462c: 8bd3 90e8 

  0x00007978ec834630: ; ImmutableOopMap {}
                      ;*invokestatic andRec {reexecute=0 rethrow=0 return_oop=0}
                      ; - org.ants.jpndd.diagram.NDD::andRec@248 (line 426)
  0x00007978ec834630: ac10 5507 

  0x00007978ec834634: ;   {other}
  0x00007978ec834634: 0f1f 8400 | 2c30 001b | 4881 c450 | 0100 005d 

  0x00007978ec834644: ;   {poll_return}
  0x00007978ec834644: 493b a748 | 0400 000f | 87dd 0800 

  0x00007978ec834650: ;   {oop(a 'java/lang/Class'{0x000000062b827a30} = 'org/ants/jpndd/diagram/NDD')}
  0x00007978ec834650: 00c3 48b8 | 307a 822b | 0600 0000 | 8b80 9400 | 0000 48c1 | e003 8b40 | 1c48 c1e0 | 0348 85c0 
  0x00007978ec834670: ;   {metadata(method data for {method} {0x0000797882404260} 'andRec' '(Lorg/ants/jpndd/diagram/NDD;Lorg/ants/jpndd/diagram/NDD;)Lorg/ants/jpndd/diagram/NDD;' in 'org/ants/jpndd/diagram/NDD')}
  0x00007978ec834670: 48be c064 | 4182 7879 | 0000 750c | 808e e902 | 0000 01e9 | ae00 0000 | 8b78 0849 | ba00 0000 
  0x00007978ec834690: 8678 7900 | 0049 03fa | 483b bef8 | 0200 0075 | 0d48 8386 | 0003 0000 | 01e9 6000 | 0000 483b 
  0x00007978ec8346b0: be08 0300 | 0075 0d48 | 8386 1003 | 0000 01e9 | 4a00 0000 | 4883 bef8 | 0200 0000 | 7517 4889 
  0x00007978ec8346d0: bef8 0200 | 0048 c786 | 0003 0000 | 0100 0000 | e929 0000 | 0048 83be | 0803 0000 | 0075 1748 
  0x00007978ec8346f0: 89be 0803 | 0000 48c7 | 8610 0300 | 0001 0000 | 00e9 0800 | 0000 4883 | 86f0 0200 

  0x00007978ec83470c: ;   {metadata('org/ants/jpndd/diagram/NDD')}
  0x00007978ec83470c: 0001 48bf | 080a 0087 | 7879 0000 | 8b50 0849 | ba00 0000 | 8678 7900 | 0049 03d2 | 483b fa0f 
  0x00007978ec83472c: 8518 0800 | 00e9 0000 | 0000 4881 | c450 0100 

  0x00007978ec83473c: ;   {poll_return}
  0x00007978ec83473c: 005d 493b | a748 0400 | 000f 8707 | 0800 00c3 | 488b c248 | 81c4 5001 

  0x00007978ec834754: ;   {poll_return}
  0x00007978ec834754: 0000 5d49 | 3ba7 4804 | 0000 0f87 | 0408 0000 | c348 8bde | 488b c348 | 81c4 5001 

  0x00007978ec834770: ;   {poll_return}
  0x00007978ec834770: 0000 5d49 | 3ba7 4804 | 0000 0f87 | fe07 0000 | c30f 1f80 | 0000 0000 

  0x00007978ec834788: ;   {no_reloc}
  0x00007978ec834788: e916 0800 | 0000 0000 | 0000 498b | 87b8 0100 | 0048 8d78 | 3049 3bbf | c801 0000 | 0f87 0308 
  0x00007978ec8347a8: 0000 4989 | bfb8 0100 | 0048 c700 | 0100 0000 | 488b ca49 | ba00 0000 | 8678 7900 | 0049 2bca 
  0x00007978ec8347c8: 8948 0848 | 33c9 8948 | 0c48 33c9 | 4889 4810 | 4889 4818 | 4889 4820 | 4889 4828 

  0x00007978ec8347e4: ;   {metadata(method data for {method} {0x00007978861eed90} 'requireNonNull' '(Ljava/lang/Object;)Ljava/lang/Object;' in 'java/util/Objects')}
  0x00007978ec8347e4: 488b f048 | bf28 f702 | 8278 7900 | 0048 8387 | 6001 0000 | 0148 8bf0 | 4889 8424 | 4001 0000 
  0x00007978ec834804: ;   {optimized virtual_call}
  0x00007978ec834804: 6666 90e8 

  0x00007978ec834808: ; ImmutableOopMap {[200]=Oop [208]=Oop [216]=Oop [288]=Oop [296]=Oop [320]=Oop }
                      ;*invokespecial <init> {reexecute=0 rethrow=0 return_oop=0}
                      ; - java.util.Objects::requireNonNull@8 (line 220)
                      ; - java.util.stream.ForEachOps::makeRef@1 (line 72)
                      ; - java.util.stream.ReferencePipeline::forEach@3 (line 636)
                      ; - java.util.stream.ReferencePipeline$Head::forEach@22 (line 810)
                      ; - org.ants.jpndd.diagram.NDD::andRec@273 (line 431)
  0x00007978ec834808: d408 5507 

  0x00007978ec83480c: ;   {other}
  0x00007978ec83480c: 0f1f 8400 | 0432 001c | 488b 8424 | 4001 0000 | e9b6 0700 

  0x00007978ec834820: ;   {metadata({method} {0x0000797882404260} 'andRec' '(Lorg/ants/jpndd/diagram/NDD;Lorg/ants/jpndd/diagram/NDD;)Lorg/ants/jpndd/diagram/NDD;' in 'org/ants/jpndd/diagram/NDD')}
  0x00007978ec834820: 0049 ba60 | 4240 8278 | 7900 004c | 8954 2408 | 48c7 0424 | ffff ffff 

  0x00007978ec834838: ;   {runtime_call counter_overflow Runtime1 stub}
  0x00007978ec834838: e8a3 6d61 

  0x00007978ec83483c: ; ImmutableOopMap {rsi=Oop rdx=Oop [200]=Oop [208]=Oop }
                      ;*synchronization entry
                      ; - org.ants.jpndd.diagram.NDD::andRec@-1 (line 360)
  0x00007978ec83483c: 07e9 74d3 

  0x00007978ec834840: ;   {runtime_call throw_null_pointer_exception Runtime1 stub}
  0x00007978ec834840: ffff e819 

  0x00007978ec834844: ; ImmutableOopMap {rsi=Oop rdx=Oop [200]=Oop [208]=Oop }
                      ;*invokevirtual isFalse {reexecute=0 rethrow=0 return_oop=0}
                      ; - org.ants.jpndd.diagram.NDD::andRec@1 (line 360)
                      ;   {metadata({method} {0x0000797882406c08} 'isFalse' '()Z' in 'org/ants/jpndd/diagram/NDD')}
  0x00007978ec834844: f660 0749 | ba08 6c40 | 8278 7900 | 004c 8954 | 2408 48c7 | 0424 ffff 

  0x00007978ec83485c: ;   {runtime_call counter_overflow Runtime1 stub}
  0x00007978ec83485c: ffff e87d 

  0x00007978ec834860: ; ImmutableOopMap {rsi=Oop rdx=Oop [200]=Oop [208]=Oop }
                      ;*synchronization entry
                      ; - org.ants.jpndd.diagram.NDD::isFalse@-1 (line 1177)
                      ; - org.ants.jpndd.diagram.NDD::andRec@1 (line 360)
  0x00007978ec834860: 6d61 07e9 | 8dd3 ffff 

  0x00007978ec834868: ;   {metadata({method} {0x0000797882406a98} 'getFalse' '()Lorg/ants/jpndd/diagram/NDD;' in 'org/ants/jpndd/diagram/NDD')}
  0x00007978ec834868: 49ba 986a | 4082 7879 | 0000 4c89 | 5424 0848 | c704 24ff 

  0x00007978ec83487c: ;   {runtime_call counter_overflow Runtime1 stub}
  0x00007978ec83487c: ffff ffe8 

  0x00007978ec834880: ; ImmutableOopMap {rsi=Oop rdx=Oop [200]=Oop [208]=Oop }
                      ;*synchronization entry
                      ; - org.ants.jpndd.diagram.NDD::getFalse@-1 (line 1159)
                      ; - org.ants.jpndd.diagram.NDD::isFalse@1 (line 1177)
                      ; - org.ants.jpndd.diagram.NDD::andRec@1 (line 360)
  0x00007978ec834880: 5c6d 6107 | e9a5 d3ff 

  0x00007978ec834888: ;   {runtime_call throw_null_pointer_exception Runtime1 stub}
  0x00007978ec834888: ffe8 d2f5 

  0x00007978ec83488c: ; ImmutableOopMap {rsi=Oop rdx=Oop [200]=Oop [208]=Oop }
                      ;*invokevirtual isTrue {reexecute=0 rethrow=0 return_oop=0}
                      ; - org.ants.jpndd.diagram.NDD::andRec@8 (line 360)
                      ;   {metadata({method} {0x0000797882406b48} 'isTrue' '()Z' in 'org/ants/jpndd/diagram/NDD')}
  0x00007978ec83488c: 6007 49ba | 486b 4082 | 7879 0000 | 4c89 5424 | 0848 c704 | 24ff ffff 

  0x00007978ec8348a4: ;   {runtime_call counter_overflow Runtime1 stub}
  0x00007978ec8348a4: ffe8 366d 

  0x00007978ec8348a8: ; ImmutableOopMap {rsi=Oop rdx=Oop [200]=Oop [208]=Oop }
                      ;*synchronization entry
                      ; - org.ants.jpndd.diagram.NDD::isTrue@-1 (line 1168)
                      ; - org.ants.jpndd.diagram.NDD::andRec@8 (line 360)
  0x00007978ec8348a8: 6107 e93f 

  0x00007978ec8348ac: ;   {metadata({method} {0x00007978824069f8} 'getTrue' '()Lorg/ants/jpndd/diagram/NDD;' in 'org/ants/jpndd/diagram/NDD')}
  0x00007978ec8348ac: d4ff ff49 | baf8 6940 | 8278 7900 | 004c 8954 | 2408 48c7 | 0424 ffff 

  0x00007978ec8348c4: ;   {runtime_call counter_overflow Runtime1 stub}
  0x00007978ec8348c4: ffff e815 

  0x00007978ec8348c8: ; ImmutableOopMap {rsi=Oop rdx=Oop [200]=Oop [208]=Oop }
                      ;*synchronization entry
                      ; - org.ants.jpndd.diagram.NDD::getTrue@-1 (line 1150)
                      ; - org.ants.jpndd.diagram.NDD::isTrue@1 (line 1168)
                      ; - org.ants.jpndd.diagram.NDD::andRec@8 (line 360)
  0x00007978ec8348c8: 6d61 07e9 | 57d4 ffff 

  0x00007978ec8348d0: ;   {metadata({method} {0x0000797882406b48} 'isTrue' '()Z' in 'org/ants/jpndd/diagram/NDD')}
  0x00007978ec8348d0: 49ba 486b | 4082 7879 | 0000 4c89 | 5424 0848 | c704 24ff 

  0x00007978ec8348e4: ;   {runtime_call counter_overflow Runtime1 stub}
  0x00007978ec8348e4: ffff ffe8 

  0x00007978ec8348e8: ; ImmutableOopMap {rsi=Oop rdx=Oop [200]=Oop [208]=Oop }
                      ;*synchronization entry
                      ; - org.ants.jpndd.diagram.NDD::isTrue@-1 (line 1168)
                      ; - org.ants.jpndd.diagram.NDD::andRec@17 (line 362)
  0x00007978ec8348e8: f46c 6107 | e9f3 d4ff 

  0x00007978ec8348f0: ;   {metadata({method} {0x00007978824069f8} 'getTrue' '()Lorg/ants/jpndd/diagram/NDD;' in 'org/ants/jpndd/diagram/NDD')}
  0x00007978ec8348f0: ff49 baf8 | 6940 8278 | 7900 004c | 8954 2408 | 48c7 0424 | ffff ffff 

  0x00007978ec834908: ;   {runtime_call counter_overflow Runtime1 stub}
  0x00007978ec834908: e8d3 6c61 

  0x00007978ec83490c: ; ImmutableOopMap {rsi=Oop rdx=Oop [200]=Oop [208]=Oop }
                      ;*synchronization entry
                      ; - org.ants.jpndd.diagram.NDD::getTrue@-1 (line 1150)
                      ; - org.ants.jpndd.diagram.NDD::isTrue@1 (line 1168)
                      ; - org.ants.jpndd.diagram.NDD::andRec@17 (line 362)
  0x00007978ec83490c: 07e9 0bd5 

  0x00007978ec834910: ;   {metadata({method} {0x0000797882406c08} 'isFalse' '()Z' in 'org/ants/jpndd/diagram/NDD')}
  0x00007978ec834910: ffff 49ba | 086c 4082 | 7879 0000 | 4c89 5424 | 0848 c704 | 24ff ffff 

  0x00007978ec834928: ;   {runtime_call counter_overflow Runtime1 stub}
  0x00007978ec834928: ffe8 b26c 

  0x00007978ec83492c: ; ImmutableOopMap {rdx=Oop rsi=Oop [200]=Oop [208]=Oop }
                      ;*synchronization entry
                      ; - org.ants.jpndd.diagram.NDD::isFalse@-1 (line 1177)
                      ; - org.ants.jpndd.diagram.NDD::andRec@24 (line 362)
  0x00007978ec83492c: 6107 e9a7 

  0x00007978ec834930: ;   {metadata({method} {0x0000797882406a98} 'getFalse' '()Lorg/ants/jpndd/diagram/NDD;' in 'org/ants/jpndd/diagram/NDD')}
  0x00007978ec834930: d5ff ff49 | ba98 6a40 | 8278 7900 | 004c 8954 | 2408 48c7 | 0424 ffff 

  0x00007978ec834948: ;   {runtime_call counter_overflow Runtime1 stub}
  0x00007978ec834948: ffff e891 

  0x00007978ec83494c: ; ImmutableOopMap {rdx=Oop rsi=Oop [200]=Oop [208]=Oop }
                      ;*synchronization entry
                      ; - org.ants.jpndd.diagram.NDD::getFalse@-1 (line 1159)
                      ; - org.ants.jpndd.diagram.NDD::isFalse@1 (line 1177)
                      ; - org.ants.jpndd.diagram.NDD::andRec@24 (line 362)
  0x00007978ec83494c: 6c61 07e9 | bfd5 ffff 

  0x00007978ec834954: ;   {runtime_call throw_null_pointer_exception Runtime1 stub}
  0x00007978ec834954: e807 f560 

  0x00007978ec834958: ; ImmutableOopMap {rdx=Oop rsi=Oop rdi=Oop [200]=Oop [208]=Oop }
                      ;*invokevirtual getEntry {reexecute=0 rethrow=0 return_oop=0}
                      ; - org.ants.jpndd.diagram.NDD::andRec@42 (line 367)
  0x00007978ec834958: 0748 8bd2 

  0x00007978ec83495c: ;   {runtime_call fast_new_instance Runtime1 stub}
  0x00007978ec83495c: e8ff 0661 

  0x00007978ec834960: ; ImmutableOopMap {rbx=Oop r8=Oop [200]=Oop [208]=Oop }
                      ;*new {reexecute=0 rethrow=0 return_oop=0}
                      ; - org.ants.jpndd.diagram.NDD::andRec@58 (line 370)
  0x00007978ec834960: 07e9 39d7 

  0x00007978ec834964: ;   {metadata({method} {0x000079788643b300} '<init>' '()V' in 'java/util/concurrent/ConcurrentHashMap')}
  0x00007978ec834964: ffff 49ba | 00b3 4386 | 7879 0000 | 4c89 5424 | 0848 c704 | 24ff ffff 

  0x00007978ec83497c: ;   {runtime_call counter_overflow Runtime1 stub}
  0x00007978ec83497c: ffe8 5e6c 

  0x00007978ec834980: ; ImmutableOopMap {rbx=Oop r8=Oop rax=Oop [200]=Oop [208]=Oop [216]=Oop }
                      ;*synchronization entry
                      ; - java.util.concurrent.ConcurrentHashMap::<init>@-1 (line 828)
                      ; - org.ants.jpndd.diagram.NDD::andRec@62 (line 370)
  0x00007978ec834980: 6107 e95c 

  0x00007978ec834984: ;   {metadata({method} {0x000079788645ddf8} '<init>' '()V' in 'java/util/AbstractMap')}
  0x00007978ec834984: d7ff ff49 | baf8 dd45 | 8678 7900 | 004c 8954 | 2408 48c7 | 0424 ffff 

  0x00007978ec83499c: ;   {runtime_call counter_overflow Runtime1 stub}
  0x00007978ec83499c: ffff e83d 

  0x00007978ec8349a0: ; ImmutableOopMap {rbx=Oop r8=Oop rax=Oop [200]=Oop [208]=Oop [216]=Oop }
                      ;*synchronization entry
                      ; - java.util.AbstractMap::<init>@-1 (line 77)
                      ; - java.util.concurrent.ConcurrentHashMap::<init>@1 (line 828)
                      ; - org.ants.jpndd.diagram.NDD::andRec@62 (line 370)
  0x00007978ec8349a0: 6c61 07e9 | 77d7 ffff 

  0x00007978ec8349a8: ;   {metadata({method} {0x000079788649d428} '<init>' '()V' in 'java/lang/Object')}
  0x00007978ec8349a8: 49ba 28d4 | 4986 7879 | 0000 4c89 | 5424 0848 | c704 24ff 

  0x00007978ec8349bc: ;   {runtime_call counter_overflow Runtime1 stub}
  0x00007978ec8349bc: ffff ffe8 

  0x00007978ec8349c0: ; ImmutableOopMap {rbx=Oop r8=Oop rax=Oop [200]=Oop [208]=Oop [216]=Oop }
                      ;*synchronization entry
                      ; - java.lang.Object::<init>@-1 (line 45)
                      ; - java.util.AbstractMap::<init>@1 (line 77)
                      ; - java.util.concurrent.ConcurrentHashMap::<init>@1 (line 828)
                      ; - org.ants.jpndd.diagram.NDD::andRec@62 (line 370)
  0x00007978ec8349c0: 1c6c 6107 | e992 d7ff 

  0x00007978ec8349c8: ;   {runtime_call throw_null_pointer_exception Runtime1 stub}
  0x00007978ec8349c8: ffe8 92f4 

  0x00007978ec8349cc: ; ImmutableOopMap {r8=Oop rsi=Oop [200]=Oop [208]=Oop [216]=Oop }
                      ;*invokeinterface entrySet {reexecute=0 rethrow=0 return_oop=0}
                      ; - org.ants.jpndd.diagram.NDD::andRec@81 (line 412)
                      ;   {runtime_call throw_null_pointer_exception Runtime1 stub}
  0x00007978ec8349cc: 6007 e88d 

  0x00007978ec8349d0: ; ImmutableOopMap {rax=Oop [200]=Oop [208]=Oop [216]=Oop }
                      ;*invokeinterface iterator {reexecute=0 rethrow=0 return_oop=0}
                      ; - org.ants.jpndd.diagram.NDD::andRec@86 (line 412)
                      ;   {runtime_call throw_null_pointer_exception Runtime1 stub}
  0x00007978ec8349d0: f460 07e8 

  0x00007978ec8349d4: ; ImmutableOopMap {rax=Oop [200]=Oop [208]=Oop [216]=Oop [224]=Oop }
                      ;*invokeinterface hasNext {reexecute=0 rethrow=0 return_oop=0}
                      ; - org.ants.jpndd.diagram.NDD::andRec@93 (line 412)
  0x00007978ec8349d4: 88f4 6007 | 4889 0424 

  0x00007978ec8349dc: ;   {runtime_call throw_class_cast_exception Runtime1 stub}
  0x00007978ec8349dc: e87f 2a61 

  0x00007978ec8349e0: ; ImmutableOopMap {[200]=Oop [208]=Oop [216]=Oop [224]=Oop }
                      ;*checkcast {reexecute=0 rethrow=0 return_oop=0}
                      ; - org.ants.jpndd.diagram.NDD::andRec@107 (line 412)
                      ;   {runtime_call throw_null_pointer_exception Runtime1 stub}
  0x00007978ec8349e0: 07e8 7af4 

  0x00007978ec8349e4: ; ImmutableOopMap {rdi=Oop rdx=Oop rsi=Oop [200]=Oop [208]=Oop [216]=Oop [224]=Oop [232]=Oop }
                      ;*invokeinterface entrySet {reexecute=0 rethrow=0 return_oop=0}
                      ; - org.ants.jpndd.diagram.NDD::andRec@116 (line 413)
                      ;   {runtime_call throw_null_pointer_exception Runtime1 stub}
  0x00007978ec8349e4: 6007 e875 

  0x00007978ec8349e8: ; ImmutableOopMap {rax=Oop [200]=Oop [208]=Oop [216]=Oop [224]=Oop [232]=Oop }
                      ;*invokeinterface iterator {reexecute=0 rethrow=0 return_oop=0}
                      ; - org.ants.jpndd.diagram.NDD::andRec@121 (line 413)
  0x00007978ec8349e8: f460 0748 

  0x00007978ec8349ec: ;   {runtime_call throw_class_cast_exception Runtime1 stub}
  0x00007978ec8349ec: 8904 24e8 

  0x00007978ec8349f0: ; ImmutableOopMap {[200]=Oop [208]=Oop [216]=Oop [224]=Oop [232]=Oop [240]=Oop }
                      ;*checkcast {reexecute=0 rethrow=0 return_oop=0}
                      ; - org.ants.jpndd.diagram.NDD::andRec@145 (line 413)
  0x00007978ec8349f0: 6c2a 6107 

  0x00007978ec8349f4: ;   {runtime_call throw_null_pointer_exception Runtime1 stub}
  0x00007978ec8349f4: e867 f460 

  0x00007978ec8349f8: ; ImmutableOopMap {rdi=Oop rbx=Oop [200]=Oop [208]=Oop [216]=Oop [224]=Oop [232]=Oop [240]=Oop [248]=Oop }
                      ;*invokeinterface getValue {reexecute=0 rethrow=0 return_oop=0}
                      ; - org.ants.jpndd.diagram.NDD::andRec@152 (line 415)
  0x00007978ec8349f8: 0748 8904 

  0x00007978ec8349fc: ;   {runtime_call throw_class_cast_exception Runtime1 stub}
  0x00007978ec8349fc: 24e8 5e2a 

  0x00007978ec834a00: ; ImmutableOopMap {[200]=Oop [208]=Oop [216]=Oop [224]=Oop [232]=Oop [240]=Oop [248]=Oop }
                      ;*checkcast {reexecute=0 rethrow=0 return_oop=0}
                      ; - org.ants.jpndd.diagram.NDD::andRec@157 (line 415)
                      ;   {runtime_call throw_null_pointer_exception Runtime1 stub}
  0x00007978ec834a00: 6107 e859 

  0x00007978ec834a04: ; ImmutableOopMap {rsi=Oop [200]=Oop [208]=Oop [216]=Oop [224]=Oop [232]=Oop [240]=Oop [248]=Oop }
                      ;*invokevirtual longValue {reexecute=0 rethrow=0 return_oop=0}
                      ; - org.ants.jpndd.diagram.NDD::andRec@160 (line 415)
                      ;   {runtime_call throw_null_pointer_exception Runtime1 stub}
  0x00007978ec834a04: f460 07e8 

  0x00007978ec834a08: ; ImmutableOopMap {rbx=Oop [200]=Oop [208]=Oop [216]=Oop [224]=Oop [232]=Oop [240]=Oop [248]=Oop }
                      ;*invokeinterface getValue {reexecute=0 rethrow=0 return_oop=0}
                      ; - org.ants.jpndd.diagram.NDD::andRec@165 (line 415)
  0x00007978ec834a08: 54f4 6007 | 4889 0424 

  0x00007978ec834a10: ;   {runtime_call throw_class_cast_exception Runtime1 stub}
  0x00007978ec834a10: e84b 2a61 

  0x00007978ec834a14: ; ImmutableOopMap {[200]=Oop [208]=Oop [216]=Oop [224]=Oop [232]=Oop [240]=Oop [248]=Oop }
                      ;*checkcast {reexecute=0 rethrow=0 return_oop=0}
                      ; - org.ants.jpndd.diagram.NDD::andRec@170 (line 415)
                      ;   {runtime_call throw_null_pointer_exception Runtime1 stub}
  0x00007978ec834a14: 07e8 46f4 

  0x00007978ec834a18: ; ImmutableOopMap {rsi=Oop [200]=Oop [208]=Oop [216]=Oop [224]=Oop [232]=Oop [240]=Oop [248]=Oop }
                      ;*invokevirtual longValue {reexecute=0 rethrow=0 return_oop=0}
                      ; - org.ants.jpndd.diagram.NDD::andRec@173 (line 415)
                      ;   {metadata({method} {0x000079788240ab80} 'getFalse' '()J' in 'jsylvan/JSylvan')}
  0x00007978ec834a18: 6007 49ba | 80ab 4082 | 7879 0000 | 4c89 5424 | 0848 c704 | 24ff ffff 

  0x00007978ec834a30: ;   {runtime_call counter_overflow Runtime1 stub}
  0x00007978ec834a30: ffe8 aa6b 

  0x00007978ec834a34: ; ImmutableOopMap {[200]=Oop [208]=Oop [216]=Oop [224]=Oop [232]=Oop [240]=Oop [248]=Oop }
                      ;*synchronization entry
                      ; - jsylvan.JSylvan::getFalse@-1 (line 87)
                      ; - org.ants.jpndd.diagram.NDD::andRec@186 (line 416)
  0x00007978ec834a34: 6107 e952 | e2ff ff48 

  0x00007978ec834a3c: ;   {runtime_call throw_class_cast_exception Runtime1 stub}
  0x00007978ec834a3c: 8904 24e8 

  0x00007978ec834a40: ; ImmutableOopMap {[200]=Oop [208]=Oop [216]=Oop [224]=Oop [232]=Oop [240]=Oop [248]=Oop }
                      ;*checkcast {reexecute=0 rethrow=0 return_oop=0}
                      ; - org.ants.jpndd.diagram.NDD::andRec@200 (line 418)
  0x00007978ec834a40: 1c2a 6107 | 4889 0424 

  0x00007978ec834a48: ;   {runtime_call throw_class_cast_exception Runtime1 stub}
  0x00007978ec834a48: e813 2a61 

  0x00007978ec834a4c: ; ImmutableOopMap {[200]=Oop [208]=Oop [216]=Oop [224]=Oop [232]=Oop [240]=Oop [272]=Oop }
                      ;*checkcast {reexecute=0 rethrow=0 return_oop=0}
                      ; - org.ants.jpndd.diagram.NDD::andRec@210 (line 418)
                      ;   {metadata({method} {0x0000797882404260} 'andRec' '(Lorg/ants/jpndd/diagram/NDD;Lorg/ants/jpndd/diagram/NDD;)Lorg/ants/jpndd/diagram/NDD;' in 'org/ants/jpndd/diagram/NDD')}
  0x00007978ec834a4c: 0749 ba60 | 4240 8278 | 7900 004c | 8954 2408 | 48c7 0424 | e200 0000 

  0x00007978ec834a64: ;   {runtime_call counter_overflow Runtime1 stub}
  0x00007978ec834a64: e877 6b61 

  0x00007978ec834a68: ; ImmutableOopMap {[200]=Oop [208]=Oop [216]=Oop [224]=Oop [232]=Oop [240]=Oop }
                      ;*goto {reexecute=1 rethrow=0 return_oop=0}
                      ; - (reexecute) org.ants.jpndd.diagram.NDD::andRec@226 (line 422)
  0x00007978ec834a68: 07e9 05e6 

  0x00007978ec834a6c: ;   {runtime_call throw_null_pointer_exception Runtime1 stub}
  0x00007978ec834a6c: ffff e8ed 

  0x00007978ec834a70: ; ImmutableOopMap {rax=Oop [200]=Oop [208]=Oop [216]=Oop [224]=Oop [232]=Oop [240]=Oop }
                      ;*invokeinterface hasNext {reexecute=0 rethrow=0 return_oop=0}
                      ; - org.ants.jpndd.diagram.NDD::andRec@130 (line 413)
                      ;   {metadata({method} {0x0000797882404260} 'andRec' '(Lorg/ants/jpndd/diagram/NDD;Lorg/ants/jpndd/diagram/NDD;)Lorg/ants/jpndd/diagram/NDD;' in 'org/ants/jpndd/diagram/NDD')}
  0x00007978ec834a70: f360 0749 | ba60 4240 | 8278 7900 | 004c 8954 | 2408 48c7 | 0424 e500 

  0x00007978ec834a88: ;   {runtime_call counter_overflow Runtime1 stub}
  0x00007978ec834a88: 0000 e851 

  0x00007978ec834a8c: ; ImmutableOopMap {[200]=Oop [208]=Oop [216]=Oop [224]=Oop }
                      ;*goto {reexecute=1 rethrow=0 return_oop=0}
                      ; - (reexecute) org.ants.jpndd.diagram.NDD::andRec@229 (line 423)
  0x00007978ec834a8c: 6b61 07e9 | 09e7 ffff 

  0x00007978ec834a94: ;   {runtime_call throw_null_pointer_exception Runtime1 stub}
  0x00007978ec834a94: e8c7 f360 

  0x00007978ec834a98: ; ImmutableOopMap {rsi=Oop rdi=Oop [200]=Oop [208]=Oop [216]=Oop }
                      ;*invokeinterface entrySet {reexecute=0 rethrow=0 return_oop=0}
                      ; - org.ants.jpndd.diagram.NDD::andRec@256 (line 431)
                      ;   {runtime_call throw_null_pointer_exception Runtime1 stub}
  0x00007978ec834a98: 07e8 c2f3 

  0x00007978ec834a9c: ; ImmutableOopMap {rax=Oop [200]=Oop [208]=Oop [216]=Oop }
                      ;*invokeinterface parallelStream {reexecute=0 rethrow=0 return_oop=0}
                      ; - org.ants.jpndd.diagram.NDD::andRec@261 (line 431)
                      ;   {metadata({method} {0x00007978861e0988} 'linkToTargetMethod' '(Ljava/lang/Object;Ljava/lang/Object;Ljava/lang/Object;)Ljava/lang/Object;' in 'java/lang/invoke/Invokers$Holder')}
  0x00007978ec834a9c: 6007 49ba | 8809 1e86 | 7879 0000 | 4c89 5424 | 0848 c704 | 24ff ffff 

  0x00007978ec834ab4: ;   {runtime_call counter_overflow Runtime1 stub}
  0x00007978ec834ab4: ffe8 266b 

  0x00007978ec834ab8: ; ImmutableOopMap {rax=Oop rdi=Oop rbx=Oop [200]=Oop [208]=Oop [216]=Oop [288]=Oop }
                      ;*synchronization entry
                      ; - java.lang.invoke.Invokers$Holder::linkToTargetMethod@-1
                      ; - org.ants.jpndd.diagram.NDD::andRec@268 (line 431)
  0x00007978ec834ab8: 6107 e90d 

  0x00007978ec834abc: ;   {metadata({method} {0x00007978861e55c0} 'newInvokeSpecial' '(Ljava/lang/Object;Ljava/lang/Object;Ljava/lang/Object;)Ljava/lang/Object;' in 'java/lang/invoke/DirectMethodHandle$Holder')}
  0x00007978ec834abc: eaff ff49 | bac0 551e | 8678 7900 | 004c 8954 | 2408 48c7 | 0424 ffff 

  0x00007978ec834ad4: ;   {runtime_call counter_overflow Runtime1 stub}
  0x00007978ec834ad4: ffff e805 

  0x00007978ec834ad8: ; ImmutableOopMap {rax=Oop rdi=Oop rbx=Oop rcx=Oop [200]=Oop [208]=Oop [216]=Oop [288]=Oop }
                      ;*synchronization entry
                      ; - java.lang.invoke.DirectMethodHandle$Holder::newInvokeSpecial@-1
                      ; - java.lang.invoke.Invokers$Holder::linkToTargetMethod@6
                      ; - org.ants.jpndd.diagram.NDD::andRec@268 (line 431)
  0x00007978ec834ad8: 6b61 07e9 | 1beb ffff 

  0x00007978ec834ae0: ;   {metadata({method} {0x00007978861d6dc8} 'allocateInstance' '(Ljava/lang/Object;)Ljava/lang/Object;' in 'java/lang/invoke/DirectMethodHandle')}
  0x00007978ec834ae0: 49ba c86d | 1d86 7879 | 0000 4c89 | 5424 0848 | c704 24ff 

  0x00007978ec834af4: ;   {runtime_call counter_overflow Runtime1 stub}
  0x00007978ec834af4: ffff ffe8 

  0x00007978ec834af8: ; ImmutableOopMap {rax=Oop rdi=Oop rbx=Oop rcx=Oop [200]=Oop [208]=Oop [216]=Oop [288]=Oop }
                      ;*synchronization entry
                      ; - java.lang.invoke.DirectMethodHandle::allocateInstance@-1 (line 499)
                      ; - java.lang.invoke.DirectMethodHandle$Holder::newInvokeSpecial@1
                      ; - java.lang.invoke.Invokers$Holder::linkToTargetMethod@6
                      ; - org.ants.jpndd.diagram.NDD::andRec@268 (line 431)
  0x00007978ec834af8: e46a 6107 | e989 ebff 

  0x00007978ec834b00: ;   {metadata({method} {0x00007978861d7870} 'constructorMethod' '(Ljava/lang/Object;)Ljava/lang/Object;' in 'java/lang/invoke/DirectMethodHandle')}
  0x00007978ec834b00: ff49 ba70 | 781d 8678 | 7900 004c | 8954 2408 | 48c7 0424 | ffff ffff 

  0x00007978ec834b18: ;   {runtime_call counter_overflow Runtime1 stub}
  0x00007978ec834b18: e8c3 6a61 

  0x00007978ec834b1c: ; ImmutableOopMap {rax=Oop [200]=Oop [208]=Oop [216]=Oop [288]=Oop [296]=Oop }
                      ;*synchronization entry
                      ; - java.lang.invoke.DirectMethodHandle::constructorMethod@-1 (line 493)
                      ; - java.lang.invoke.DirectMethodHandle$Holder::newInvokeSpecial@6
                      ; - java.lang.invoke.Invokers$Holder::linkToTargetMethod@6
                      ; - org.ants.jpndd.diagram.NDD::andRec@268 (line 431)
  0x00007978ec834b1c: 07e9 b1ec 

  0x00007978ec834b20: ;   {runtime_call throw_null_pointer_exception Runtime1 stub}
  0x00007978ec834b20: ffff e839 

  0x00007978ec834b24: ; ImmutableOopMap {rax=Oop [200]=Oop [208]=Oop [216]=Oop [288]=Oop [296]=Oop }
                      ;*invokestatic linkToSpecial {reexecute=0 rethrow=0 return_oop=0}
                      ; - java.lang.invoke.DirectMethodHandle$Holder::newInvokeSpecial@19
                      ; - java.lang.invoke.Invokers$Holder::linkToTargetMethod@6
                      ; - org.ants.jpndd.diagram.NDD::andRec@268 (line 431)
                      ;   {metadata({method} {0x00007978824147b0} '<init>' '(Lorg/ants/jpndd/diagram/NDD;Ljava/util/Map;)V' in 'org/ants/jpndd/diagram/NDD$$Lambda+0x0000797887001638')}
  0x00007978ec834b24: f360 0749 | bab0 4741 | 8278 7900 | 004c 8954 | 2408 48c7 | 0424 ffff 

  0x00007978ec834b3c: ;   {runtime_call counter_overflow Runtime1 stub}
  0x00007978ec834b3c: ffff e89d 

  0x00007978ec834b40: ; ImmutableOopMap {rax=Oop rdx=Oop [200]=Oop [208]=Oop [216]=Oop [288]=Oop [296]=Oop }
                      ;*synchronization entry
                      ; - org.ants.jpndd.diagram.NDD$$Lambda/0x0000797887001638::<init>@-1
                      ; - java.lang.invoke.DirectMethodHandle$Holder::newInvokeSpecial@19
                      ; - java.lang.invoke.Invokers$Holder::linkToTargetMethod@6
                      ; - org.ants.jpndd.diagram.NDD::andRec@268 (line 431)
  0x00007978ec834b40: 6a61 07e9 | c8ed ffff 

  0x00007978ec834b48: ;   {metadata({method} {0x000079788649d428} '<init>' '()V' in 'java/lang/Object')}
  0x00007978ec834b48: 49ba 28d4 | 4986 7879 | 0000 4c89 | 5424 0848 | c704 24ff 

  0x00007978ec834b5c: ;   {runtime_call counter_overflow Runtime1 stub}
  0x00007978ec834b5c: ffff ffe8 

  0x00007978ec834b60: ; ImmutableOopMap {rax=Oop rdx=Oop [200]=Oop [208]=Oop [216]=Oop [288]=Oop [296]=Oop }
                      ;*synchronization entry
                      ; - java.lang.Object::<init>@-1 (line 45)
                      ; - org.ants.jpndd.diagram.NDD$$Lambda/0x0000797887001638::<init>@1
                      ; - java.lang.invoke.DirectMethodHandle$Holder::newInvokeSpecial@19
                      ; - java.lang.invoke.Invokers$Holder::linkToTargetMethod@6
                      ; - org.ants.jpndd.diagram.NDD::andRec@268 (line 431)
  0x00007978ec834b60: 7c6a 6107 | e9e3 edff | ff8b 700c | 48c1 e603 | 4883 fe00 | 0f84 dfed | ffff 4889 

  0x00007978ec834b7c: ;   {runtime_call g1_pre_barrier_slow}
  0x00007978ec834b7c: 3424 e85d | 7061 07e9 | d1ed ffff | 4883 fa00 | 0f84 e6ed | ffff 4889 

  0x00007978ec834b94: ;   {runtime_call g1_post_barrier_slow}
  0x00007978ec834b94: 0424 e845 | 7361 07e9 | d8ed ffff | 8b70 1048 | c1e6 0348 | 83fe 000f | 84d4 edff | ff48 8934 
  0x00007978ec834bb4: ;   {runtime_call g1_pre_barrier_slow}
  0x00007978ec834bb4: 24e8 2670 | 6107 e9c6 | edff ff48 | 83ff 000f | 84e3 edff | ff48 8904 

  0x00007978ec834bcc: ;   {runtime_call g1_post_barrier_slow}
  0x00007978ec834bcc: 24e8 0e73 | 6107 e9d5 

  0x00007978ec834bd4: ;   {runtime_call throw_incompatible_class_change_error Runtime1 stub}
  0x00007978ec834bd4: edff ffe8 

  0x00007978ec834bd8: ; ImmutableOopMap {rax=Oop rdx=Oop rdi=Oop rbx=Oop [200]=Oop [208]=Oop [216]=Oop [288]=Oop [296]=Oop }
                      ;*invokeinterface forEach {reexecute=0 rethrow=0 return_oop=0}
                      ; - org.ants.jpndd.diagram.NDD::andRec@273 (line 431)
  0x00007978ec834bd8: 842b 6107 

  0x00007978ec834bdc: ;   {runtime_call throw_null_pointer_exception Runtime1 stub}
  0x00007978ec834bdc: e87f f260 

  0x00007978ec834be0: ; ImmutableOopMap {rax=Oop rdx=Oop rdi=Oop rbx=Oop [200]=Oop [208]=Oop [216]=Oop [288]=Oop [296]=Oop }
                      ;*invokeinterface forEach {reexecute=0 rethrow=0 return_oop=0}
                      ; - org.ants.jpndd.diagram.NDD::andRec@273 (line 431)
                      ;   {metadata({method} {0x0000797886207600} 'forEach' '(Ljava/util/function/Consumer;)V' in 'java/util/stream/ReferencePipeline$Head')}
  0x00007978ec834be0: 0749 ba00 | 7620 8678 | 7900 004c | 8954 2408 | 48c7 0424 | ffff ffff 

  0x00007978ec834bf8: ;   {runtime_call counter_overflow Runtime1 stub}
  0x00007978ec834bf8: e8e3 6961 

  0x00007978ec834bfc: ; ImmutableOopMap {rax=Oop rdx=Oop rdi=Oop rbx=Oop [200]=Oop [208]=Oop [216]=Oop [288]=Oop [296]=Oop }
                      ;*synchronization entry
                      ; - java.util.stream.ReferencePipeline$Head::forEach@-1 (line 806)
                      ; - org.ants.jpndd.diagram.NDD::andRec@273 (line 431)
  0x00007978ec834bfc: 07e9 06ef 

  0x00007978ec834c00: ;   {metadata({method} {0x00007978862077b8} 'isParallel' '()Z' in 'java/util/stream/AbstractPipeline')}
  0x00007978ec834c00: ffff 49ba | b877 2086 | 7879 0000 | 4c89 5424 | 0848 c704 | 24ff ffff 

  0x00007978ec834c18: ;   {runtime_call counter_overflow Runtime1 stub}
  0x00007978ec834c18: ffe8 c269 

  0x00007978ec834c1c: ; ImmutableOopMap {rax=Oop rdx=Oop rdi=Oop rbx=Oop [200]=Oop [208]=Oop [216]=Oop [288]=Oop [296]=Oop }
                      ;*synchronization entry
                      ; - java.util.stream.AbstractPipeline::isParallel@-1 (line 405)
                      ; - java.util.stream.ReferencePipeline$Head::forEach@1 (line 806)
                      ; - org.ants.jpndd.diagram.NDD::andRec@273 (line 431)
  0x00007978ec834c1c: 6107 e921 

  0x00007978ec834c20: ;   {runtime_call throw_null_pointer_exception Runtime1 stub}
  0x00007978ec834c20: efff ffe8 

  0x00007978ec834c24: ; ImmutableOopMap {rax=Oop rdx=Oop rdi=Oop rbx=Oop [200]=Oop [208]=Oop [216]=Oop [288]=Oop [296]=Oop }
                      ;*getfield parallel {reexecute=1 rethrow=0 return_oop=0}
                      ; - (reexecute) java.util.stream.AbstractPipeline::isParallel@4 (line 405)
                      ; - java.util.stream.ReferencePipeline$Head::forEach@1 (line 806)
                      ; - org.ants.jpndd.diagram.NDD::andRec@273 (line 431)
  0x00007978ec834c24: 38f2 6007 

  0x00007978ec834c28: ;   {runtime_call throw_incompatible_class_change_error Runtime1 stub}
  0x00007978ec834c28: e833 2b61 

  0x00007978ec834c2c: ; ImmutableOopMap {rax=Oop [200]=Oop [208]=Oop [216]=Oop [296]=Oop }
                      ;*invokeinterface forEachRemaining {reexecute=0 rethrow=0 return_oop=0}
                      ; - java.util.stream.ReferencePipeline$Head::forEach@12 (line 807)
                      ; - org.ants.jpndd.diagram.NDD::andRec@273 (line 431)
                      ;   {runtime_call throw_null_pointer_exception Runtime1 stub}
  0x00007978ec834c2c: 07e8 2ef2 

  0x00007978ec834c30: ; ImmutableOopMap {rax=Oop [200]=Oop [208]=Oop [216]=Oop [296]=Oop }
                      ;*invokeinterface forEachRemaining {reexecute=0 rethrow=0 return_oop=0}
                      ; - java.util.stream.ReferencePipeline$Head::forEach@12 (line 807)
                      ; - org.ants.jpndd.diagram.NDD::andRec@273 (line 431)
                      ;   {metadata({method} {0x00007978863e1378} 'forEach' '(Ljava/util/function/Consumer;)V' in 'java/util/stream/ReferencePipeline')}
  0x00007978ec834c30: 6007 49ba | 7813 3e86 | 7879 0000 | 4c89 5424 | 0848 c704 | 24ff ffff 

  0x00007978ec834c48: ;   {runtime_call counter_overflow Runtime1 stub}
  0x00007978ec834c48: ffe8 9269 

  0x00007978ec834c4c: ; ImmutableOopMap {rax=Oop rbx=Oop [200]=Oop [208]=Oop [216]=Oop [288]=Oop [296]=Oop }
                      ;*synchronization entry
                      ; - java.util.stream.ReferencePipeline::forEach@-1 (line 636)
                      ; - java.util.stream.ReferencePipeline$Head::forEach@22 (line 810)
                      ; - org.ants.jpndd.diagram.NDD::andRec@273 (line 431)
  0x00007978ec834c4c: 6107 e91a 

  0x00007978ec834c50: ;   {metadata({method} {0x00007978863e3f18} 'makeRef' '(Ljava/util/function/Consumer;Z)Ljava/util/stream/TerminalOp;' in 'java/util/stream/ForEachOps')}
  0x00007978ec834c50: f0ff ff49 | ba18 3f3e | 8678 7900 | 004c 8954 | 2408 48c7 | 0424 ffff 

  0x00007978ec834c68: ;   {runtime_call counter_overflow Runtime1 stub}
  0x00007978ec834c68: ffff e871 

  0x00007978ec834c6c: ; ImmutableOopMap {rax=Oop rbx=Oop [200]=Oop [208]=Oop [216]=Oop [288]=Oop [296]=Oop }
                      ;*synchronization entry
                      ; - java.util.stream.ForEachOps::makeRef@-1 (line 72)
                      ; - java.util.stream.ReferencePipeline::forEach@3 (line 636)
                      ; - java.util.stream.ReferencePipeline$Head::forEach@22 (line 810)
                      ; - org.ants.jpndd.diagram.NDD::andRec@273 (line 431)
  0x00007978ec834c6c: 6961 07e9 | 32f0 ffff 

  0x00007978ec834c74: ;   {metadata({method} {0x00007978861eed90} 'requireNonNull' '(Ljava/lang/Object;)Ljava/lang/Object;' in 'java/util/Objects')}
  0x00007978ec834c74: 49ba 90ed | 1e86 7879 | 0000 4c89 | 5424 0848 | c704 24ff 

  0x00007978ec834c88: ;   {runtime_call counter_overflow Runtime1 stub}
  0x00007978ec834c88: ffff ffe8 

  0x00007978ec834c8c: ; ImmutableOopMap {rax=Oop rbx=Oop [200]=Oop [208]=Oop [216]=Oop [288]=Oop [296]=Oop }
                      ;*synchronization entry
                      ; - java.util.Objects::requireNonNull@-1 (line 219)
                      ; - java.util.stream.ForEachOps::makeRef@1 (line 72)
                      ; - java.util.stream.ReferencePipeline::forEach@3 (line 636)
                      ; - java.util.stream.ReferencePipeline$Head::forEach@22 (line 810)
                      ; - org.ants.jpndd.diagram.NDD::andRec@273 (line 431)
  0x00007978ec834c8c: 5069 6107 | e94a f0ff | ff48 8bd2 

  0x00007978ec834c98: ;   {runtime_call fast_new_instance Runtime1 stub}
  0x00007978ec834c98: e8c3 0361 

  0x00007978ec834c9c: ; ImmutableOopMap {rbx=Oop r8=Oop [200]=Oop [208]=Oop [216]=Oop [288]=Oop [296]=Oop }
                      ;*new {reexecute=0 rethrow=0 return_oop=0}
                      ; - java.util.stream.ForEachOps::makeRef@5 (line 73)
                      ; - java.util.stream.ReferencePipeline::forEach@3 (line 636)
                      ; - java.util.stream.ReferencePipeline$Head::forEach@22 (line 810)
                      ; - org.ants.jpndd.diagram.NDD::andRec@273 (line 431)
  0x00007978ec834c9c: 07e9 bbf0 

  0x00007978ec834ca0: ;   {metadata({method} {0x000079788643c418} '<init>' '(Ljava/util/function/Consumer;Z)V' in 'java/util/stream/ForEachOps$ForEachOp$OfRef')}
  0x00007978ec834ca0: ffff 49ba | 18c4 4386 | 7879 0000 | 4c89 5424 | 0848 c704 | 24ff ffff 

  0x00007978ec834cb8: ;   {runtime_call counter_overflow Runtime1 stub}
  0x00007978ec834cb8: ffe8 2269 

  0x00007978ec834cbc: ; ImmutableOopMap {rbx=Oop r8=Oop rax=Oop [200]=Oop [208]=Oop [216]=Oop [288]=Oop [296]=Oop }
                      ;*synchronization entry
                      ; - java.util.stream.ForEachOps$ForEachOp$OfRef::<init>@-1 (line 178)
                      ; - java.util.stream.ForEachOps::makeRef@11 (line 73)
                      ; - java.util.stream.ReferencePipeline::forEach@3 (line 636)
                      ; - java.util.stream.ReferencePipeline$Head::forEach@22 (line 810)
                      ; - org.ants.jpndd.diagram.NDD::andRec@273 (line 431)
  0x00007978ec834cbc: 6107 e9d6 

  0x00007978ec834cc0: ;   {metadata({method} {0x000079788643c698} '<init>' '(Z)V' in 'java/util/stream/ForEachOps$ForEachOp')}
  0x00007978ec834cc0: f0ff ff49 | ba98 c643 | 8678 7900 | 004c 8954 | 2408 48c7 | 0424 ffff 

  0x00007978ec834cd8: ;   {runtime_call counter_overflow Runtime1 stub}
  0x00007978ec834cd8: ffff e801 

  0x00007978ec834cdc: ; ImmutableOopMap {rbx=Oop r8=Oop rax=Oop [200]=Oop [208]=Oop [216]=Oop [288]=Oop [296]=Oop }
                      ;*synchronization entry
                      ; - java.util.stream.ForEachOps$ForEachOp::<init>@-1 (line 137)
                      ; - java.util.stream.ForEachOps$ForEachOp$OfRef::<init>@2 (line 178)
                      ; - java.util.stream.ForEachOps::makeRef@11 (line 73)
                      ; - java.util.stream.ReferencePipeline::forEach@3 (line 636)
                      ; - java.util.stream.ReferencePipeline$Head::forEach@22 (line 810)
                      ; - org.ants.jpndd.diagram.NDD::andRec@273 (line 431)
  0x00007978ec834cdc: 6961 07e9 | f1f0 ffff 

  0x00007978ec834ce4: ;   {metadata({method} {0x000079788649d428} '<init>' '()V' in 'java/lang/Object')}
  0x00007978ec834ce4: 49ba 28d4 | 4986 7879 | 0000 4c89 | 5424 0848 | c704 24ff 

  0x00007978ec834cf8: ;   {runtime_call counter_overflow Runtime1 stub}
  0x00007978ec834cf8: ffff ffe8 

  0x00007978ec834cfc: ; ImmutableOopMap {rbx=Oop r8=Oop rax=Oop [200]=Oop [208]=Oop [216]=Oop [288]=Oop [296]=Oop }
                      ;*synchronization entry
                      ; - java.lang.Object::<init>@-1 (line 45)
                      ; - java.util.stream.ForEachOps$ForEachOp::<init>@1 (line 137)
                      ; - java.util.stream.ForEachOps$ForEachOp$OfRef::<init>@2 (line 178)
                      ; - java.util.stream.ForEachOps::makeRef@11 (line 73)
                      ; - java.util.stream.ReferencePipeline::forEach@3 (line 636)
                      ; - java.util.stream.ReferencePipeline$Head::forEach@22 (line 810)
                      ; - org.ants.jpndd.diagram.NDD::andRec@273 (line 431)
  0x00007978ec834cfc: e068 6107 | e90c f1ff | ff8b 5010 | 48c1 e203 | 4883 fa00 | 0f84 08f1 | ffff 4889 

  0x00007978ec834d18: ;   {runtime_call g1_pre_barrier_slow}
  0x00007978ec834d18: 1424 e8c1 | 6e61 07e9 | faf0 ffff | 4983 f800 | 0f84 0ff1 | ffff 4889 

  0x00007978ec834d30: ;   {runtime_call g1_post_barrier_slow}
  0x00007978ec834d30: 0424 e8a9 | 7161 07e9 | 01f1 ffff 

  0x00007978ec834d3c: ;   {metadata({method} {0x0000797882406fd8} 'mk' '(ILjava/util/Map;)Lorg/ants/jpndd/diagram/NDD;' in 'org/ants/jpndd/diagram/NDD')}
  0x00007978ec834d3c: 49ba d86f | 4082 7879 | 0000 4c89 | 5424 0848 | c704 24ff 

  0x00007978ec834d50: ;   {runtime_call counter_overflow Runtime1 stub}
  0x00007978ec834d50: ffff ffe8 

  0x00007978ec834d54: ; ImmutableOopMap {rsi=Oop [200]=Oop [208]=Oop [216]=Oop }
                      ;*synchronization entry
                      ; - org.ants.jpndd.diagram.NDD::mk@-1 (line 1214)
                      ; - org.ants.jpndd.diagram.NDD::andRec@283 (line 451)
  0x00007978ec834d54: 8868 6107 | e953 f1ff 

  0x00007978ec834d5c: ;   {runtime_call throw_null_pointer_exception Runtime1 stub}
  0x00007978ec834d5c: ffe8 fef0 

  0x00007978ec834d60: ; ImmutableOopMap {rsi=Oop rdi=Oop rbx=Oop [200]=Oop [208]=Oop [216]=Oop }
                      ;*invokevirtual mk {reexecute=0 rethrow=0 return_oop=0}
                      ; - org.ants.jpndd.diagram.NDD::mk@5 (line 1214)
                      ; - org.ants.jpndd.diagram.NDD::andRec@283 (line 451)
                      ;   {runtime_call throw_null_pointer_exception Runtime1 stub}
  0x00007978ec834d60: 6007 e8f9 

  0x00007978ec834d64: ; ImmutableOopMap {rax=Oop rdx=Oop [200]=Oop [208]=Oop }
                      ;*invokevirtual add {reexecute=0 rethrow=0 return_oop=0}
                      ; - org.ants.jpndd.diagram.NDD::andRec@291 (line 453)
                      ;   {metadata({method} {0x00007978862021b8} 'add' '(Ljava/lang/Object;)Z' in 'java/util/HashSet')}
  0x00007978ec834d64: f060 0749 | bab8 2120 | 8678 7900 | 004c 8954 | 2408 48c7 | 0424 ffff 

  0x00007978ec834d7c: ;   {runtime_call counter_overflow Runtime1 stub}
  0x00007978ec834d7c: ffff e85d 

  0x00007978ec834d80: ; ImmutableOopMap {rax=Oop rdx=Oop [200]=Oop [208]=Oop }
                      ;*synchronization entry
                      ; - java.util.HashSet::add@-1 (line 230)
                      ; - org.ants.jpndd.diagram.NDD::andRec@291 (line 453)
  0x00007978ec834d80: 6861 07e9 | 43f2 ffff 

  0x00007978ec834d88: ;   {runtime_call throw_null_pointer_exception Runtime1 stub}
  0x00007978ec834d88: e8d3 f060 

  0x00007978ec834d8c: ; ImmutableOopMap {rax=Oop rsi=Oop [200]=Oop [208]=Oop }
                      ;*invokevirtual put {reexecute=0 rethrow=0 return_oop=0}
                      ; - java.util.HashSet::add@8 (line 230)
                      ; - org.ants.jpndd.diagram.NDD::andRec@291 (line 453)
                      ;   {runtime_call throw_null_pointer_exception Runtime1 stub}
  0x00007978ec834d8c: 07e8 cef0 

  0x00007978ec834d90: ; ImmutableOopMap {rax=Oop rsi=Oop rdx=Oop rdi=Oop [200]=Oop [208]=Oop }
                      ;*getfield hashValue {reexecute=1 rethrow=0 return_oop=0}
                      ; - (reexecute) org.ants.jpndd.diagram.NDD::andRec@301 (line 455)
                      ;   {metadata({method} {0x000079788240edd0} 'setEntry' '(ILjava/lang/Object;Ljava/lang/Object;Ljava/lang/Object;)V' in 'org/ants/jpndd/cache/OperationCache')}
  0x00007978ec834d90: 6007 49ba | d0ed 4082 | 7879 0000 | 4c89 5424 | 0848 c704 | 24ff ffff 

  0x00007978ec834da8: ;   {runtime_call counter_overflow Runtime1 stub}
  0x00007978ec834da8: ffe8 3268 

  0x00007978ec834dac: ; ImmutableOopMap {rax=Oop rsi=Oop rdx=Oop rdi=Oop [200]=Oop [208]=Oop }
                      ;*synchronization entry
                      ; - org.ants.jpndd.cache.OperationCache::setEntry@-1 (line 107)
                      ; - org.ants.jpndd.diagram.NDD::andRec@307 (line 455)
  0x00007978ec834dac: 6107 e9a7 

  0x00007978ec834db0: ;   {metadata({method} {0x000079788240eb38} 'setOperand' '(IILjava/lang/Object;)V' in 'org/ants/jpndd/cache/OperationCache')}
  0x00007978ec834db0: f3ff ff49 | ba38 eb40 | 8278 7900 | 004c 8954 | 2408 48c7 | 0424 ffff 

  0x00007978ec834dc8: ;   {runtime_call counter_overflow Runtime1 stub}
  0x00007978ec834dc8: ffff e811 

  0x00007978ec834dcc: ; ImmutableOopMap {rax=Oop rsi=Oop rdx=Oop rdi=Oop [200]=Oop [208]=Oop }
                      ;*synchronization entry
                      ; - org.ants.jpndd.cache.OperationCache::setOperand@-1 (line 73)
                      ; - org.ants.jpndd.cache.OperationCache::setEntry@4 (line 107)
                      ; - org.ants.jpndd.diagram.NDD::andRec@307 (line 455)
  0x00007978ec834dcc: 6861 07e9 | c7f3 ffff 

  0x00007978ec834dd4: ;   {runtime_call throw_null_pointer_exception Runtime1 stub}
  0x00007978ec834dd4: e887 f060 

  0x00007978ec834dd8: ; ImmutableOopMap {rax=Oop rsi=Oop rdx=Oop rdi=Oop rcx=Oop [200]=Oop [208]=Oop }
                      ;*aastore {reexecute=1 rethrow=0 return_oop=0}
                      ; - (reexecute) org.ants.jpndd.cache.OperationCache::setOperand@13 (line 73)
                      ; - org.ants.jpndd.cache.OperationCache::setEntry@4 (line 107)
                      ; - org.ants.jpndd.diagram.NDD::andRec@307 (line 455)
                      ;   {runtime_call throw_null_pointer_exception Runtime1 stub}
  0x00007978ec834dd8: 07e8 82f0 

  0x00007978ec834ddc: ; ImmutableOopMap {rax=Oop rsi=Oop rdx=Oop rdi=Oop rcx=Oop [200]=Oop [208]=Oop }
                      ;*aastore {reexecute=1 rethrow=0 return_oop=0}
                      ; - (reexecute) org.ants.jpndd.cache.OperationCache::setOperand@13 (line 73)
                      ; - org.ants.jpndd.cache.OperationCache::setEntry@4 (line 107)
                      ; - org.ants.jpndd.diagram.NDD::andRec@307 (line 455)
  0x00007978ec834ddc: 6007 4c89 | 0424 4889 

  0x00007978ec834de4: ;   {runtime_call throw_range_check_failed Runtime1 stub}
  0x00007978ec834de4: 4c24 08e8 

  0x00007978ec834de8: ; ImmutableOopMap {rax=Oop rsi=Oop rdx=Oop rdi=Oop rcx=Oop [200]=Oop [208]=Oop }
                      ;*aastore {reexecute=1 rethrow=0 return_oop=0}
                      ; - (reexecute) org.ants.jpndd.cache.OperationCache::setOperand@13 (line 73)
                      ; - org.ants.jpndd.cache.OperationCache::setEntry@4 (line 107)
                      ; - org.ants.jpndd.diagram.NDD::andRec@307 (line 455)
  0x00007978ec834de8: 74e7 6007 

  0x00007978ec834dec: ;   {runtime_call throw_null_pointer_exception Runtime1 stub}
  0x00007978ec834dec: e86f f060 

  0x00007978ec834df0: ; ImmutableOopMap {rax=Oop rsi=Oop rdx=Oop rdi=Oop rcx=Oop [200]=Oop [208]=Oop }
                      ;*aastore {reexecute=1 rethrow=0 return_oop=0}
                      ; - (reexecute) org.ants.jpndd.cache.OperationCache::setOperand@13 (line 73)
                      ; - org.ants.jpndd.cache.OperationCache::setEntry@4 (line 107)
                      ; - org.ants.jpndd.diagram.NDD::andRec@307 (line 455)
  0x00007978ec834df0: 0748 8934 

  0x00007978ec834df4: ;   {runtime_call throw_array_store_exception Runtime1 stub}
  0x00007978ec834df4: 24e8 6623 

  0x00007978ec834df8: ; ImmutableOopMap {rax=Oop rsi=Oop rdx=Oop rdi=Oop rcx=Oop [200]=Oop [208]=Oop }
                      ;*aastore {reexecute=1 rethrow=0 return_oop=0}
                      ; - (reexecute) org.ants.jpndd.cache.OperationCache::setOperand@13 (line 73)
                      ; - org.ants.jpndd.cache.OperationCache::setEntry@4 (line 107)
                      ; - org.ants.jpndd.diagram.NDD::andRec@307 (line 455)
  0x00007978ec834df8: 6107 458b | 1849 c1e3 | 0349 83fb | 000f 84cc | f4ff ff4c 

  0x00007978ec834e0c: ;   {runtime_call g1_pre_barrier_slow}
  0x00007978ec834e0c: 891c 24e8 | cc6d 6107 | e9be f4ff | ff48 83fe | 000f 84d2 | f4ff ff4c 

  0x00007978ec834e24: ;   {runtime_call g1_post_barrier_slow}
  0x00007978ec834e24: 8904 24e8 | b470 6107 | e9c4 f4ff 

  0x00007978ec834e30: ;   {metadata({method} {0x000079788240eb38} 'setOperand' '(IILjava/lang/Object;)V' in 'org/ants/jpndd/cache/OperationCache')}
  0x00007978ec834e30: ff49 ba38 | eb40 8278 | 7900 004c | 8954 2408 | 48c7 0424 | ffff ffff 

  0x00007978ec834e48: ;   {runtime_call counter_overflow Runtime1 stub}
  0x00007978ec834e48: e893 6761 

  0x00007978ec834e4c: ; ImmutableOopMap {rax=Oop rdx=Oop rdi=Oop rcx=Oop [208]=Oop }
                      ;*synchronization entry
                      ; - org.ants.jpndd.cache.OperationCache::setOperand@-1 (line 73)
                      ; - org.ants.jpndd.cache.OperationCache::setEntry@11 (line 108)
                      ; - org.ants.jpndd.diagram.NDD::andRec@307 (line 455)
  0x00007978ec834e4c: 07e9 e4f4 | ffff 4889 | 3424 4889 

  0x00007978ec834e58: ;   {runtime_call throw_range_check_failed Runtime1 stub}
  0x00007978ec834e58: 4c24 08e8 

  0x00007978ec834e5c: ; ImmutableOopMap {rax=Oop rdx=Oop rdi=Oop rcx=Oop [208]=Oop }
                      ;*aastore {reexecute=1 rethrow=0 return_oop=0}
                      ; - (reexecute) org.ants.jpndd.cache.OperationCache::setOperand@13 (line 73)
                      ; - org.ants.jpndd.cache.OperationCache::setEntry@11 (line 108)
                      ; - org.ants.jpndd.diagram.NDD::andRec@307 (line 455)
  0x00007978ec834e5c: 00e7 6007 

  0x00007978ec834e60: ;   {runtime_call throw_null_pointer_exception Runtime1 stub}
  0x00007978ec834e60: e8fb ef60 

  0x00007978ec834e64: ; ImmutableOopMap {rax=Oop rdx=Oop rdi=Oop rcx=Oop [208]=Oop }
                      ;*aastore {reexecute=1 rethrow=0 return_oop=0}
                      ; - (reexecute) org.ants.jpndd.cache.OperationCache::setOperand@13 (line 73)
                      ; - org.ants.jpndd.cache.OperationCache::setEntry@11 (line 108)
                      ; - org.ants.jpndd.diagram.NDD::andRec@307 (line 455)
  0x00007978ec834e64: 0748 8914 

  0x00007978ec834e68: ;   {runtime_call throw_array_store_exception Runtime1 stub}
  0x00007978ec834e68: 24e8 f222 

  0x00007978ec834e6c: ; ImmutableOopMap {rax=Oop rdx=Oop rdi=Oop rcx=Oop [208]=Oop }
                      ;*aastore {reexecute=1 rethrow=0 return_oop=0}
                      ; - (reexecute) org.ants.jpndd.cache.OperationCache::setOperand@13 (line 73)
                      ; - org.ants.jpndd.cache.OperationCache::setEntry@11 (line 108)
                      ; - org.ants.jpndd.diagram.NDD::andRec@307 (line 455)
  0x00007978ec834e6c: 6107 448b | 0649 c1e0 | 0349 83f8 | 000f 84df | f5ff ff4c 

  0x00007978ec834e80: ;   {runtime_call g1_pre_barrier_slow}
  0x00007978ec834e80: 8904 24e8 | 586d 6107 | e9d1 f5ff | ff48 83fa | 000f 84e5 | f5ff ff48 

  0x00007978ec834e98: ;   {runtime_call g1_post_barrier_slow}
  0x00007978ec834e98: 8934 24e8 | 4070 6107 | e9d7 f5ff 

  0x00007978ec834ea4: ;   {metadata({method} {0x000079788240e9a0} 'setResult' '(ILjava/lang/Object;)V' in 'org/ants/jpndd/cache/OperationCache')}
  0x00007978ec834ea4: ff49 baa0 | e940 8278 | 7900 004c | 8954 2408 | 48c7 0424 | ffff ffff 

  0x00007978ec834ebc: ;   {runtime_call counter_overflow Runtime1 stub}
  0x00007978ec834ebc: e81f 6761 

  0x00007978ec834ec0: ; ImmutableOopMap {rax=Oop rdi=Oop rcx=Oop }
                      ;*synchronization entry
                      ; - org.ants.jpndd.cache.OperationCache::setResult@-1 (line 54)
                      ; - org.ants.jpndd.cache.OperationCache::setEntry@18 (line 109)
                      ; - org.ants.jpndd.diagram.NDD::andRec@307 (line 455)
  0x00007978ec834ec0: 07e9 f2f5 | ffff 4c89 | 0c24 4889 

  0x00007978ec834ecc: ;   {runtime_call throw_range_check_failed Runtime1 stub}
  0x00007978ec834ecc: 4c24 08e8 

  0x00007978ec834ed0: ; ImmutableOopMap {rax=Oop rcx=Oop }
                      ;*aastore {reexecute=1 rethrow=0 return_oop=0}
                      ; - (reexecute) org.ants.jpndd.cache.OperationCache::setResult@11 (line 54)
                      ; - org.ants.jpndd.cache.OperationCache::setEntry@18 (line 109)
                      ; - org.ants.jpndd.diagram.NDD::andRec@307 (line 455)
  0x00007978ec834ed0: 8ce6 6007 

  0x00007978ec834ed4: ;   {runtime_call throw_null_pointer_exception Runtime1 stub}
  0x00007978ec834ed4: e887 ef60 

  0x00007978ec834ed8: ; ImmutableOopMap {rax=Oop rcx=Oop }
                      ;*aastore {reexecute=1 rethrow=0 return_oop=0}
                      ; - (reexecute) org.ants.jpndd.cache.OperationCache::setResult@11 (line 54)
                      ; - org.ants.jpndd.cache.OperationCache::setEntry@18 (line 109)
                      ; - org.ants.jpndd.diagram.NDD::andRec@307 (line 455)
  0x00007978ec834ed8: 0748 8904 

  0x00007978ec834edc: ;   {runtime_call throw_array_store_exception Runtime1 stub}
  0x00007978ec834edc: 24e8 7e22 

  0x00007978ec834ee0: ; ImmutableOopMap {rax=Oop rcx=Oop }
                      ;*aastore {reexecute=1 rethrow=0 return_oop=0}
                      ; - (reexecute) org.ants.jpndd.cache.OperationCache::setResult@11 (line 54)
                      ; - org.ants.jpndd.cache.OperationCache::setEntry@18 (line 109)
                      ; - org.ants.jpndd.diagram.NDD::andRec@307 (line 455)
  0x00007978ec834ee0: 6107 8b16 | 48c1 e203 | 4883 fa00 | 0f84 ddf6 | ffff 4889 

  0x00007978ec834ef4: ;   {runtime_call g1_pre_barrier_slow}
  0x00007978ec834ef4: 1424 e8e5 | 6c61 07e9 | cff6 ffff | 4883 f800 | 0f84 e3f6 | ffff 4889 

  0x00007978ec834f0c: ;   {runtime_call g1_post_barrier_slow}
  0x00007978ec834f0c: 3424 e8cd | 6f61 07e9 | d5f6 ffff 

  0x00007978ec834f18: ;   {internal_word}
  0x00007978ec834f18: 49ba f545 | 83ec 7879 | 0000 4d89 | 9760 0400 

  0x00007978ec834f28: ;   {runtime_call SafepointBlob}
  0x00007978ec834f28: 00e9 b26c 

  0x00007978ec834f2c: ;   {internal_word}
  0x00007978ec834f2c: 5507 49ba | 4446 83ec | 7879 0000 | 4d89 9760 

  0x00007978ec834f3c: ;   {runtime_call SafepointBlob}
  0x00007978ec834f3c: 0400 00e9 | 9c6c 5507 

  0x00007978ec834f44: ;   {runtime_call throw_null_pointer_exception Runtime1 stub}
  0x00007978ec834f44: e817 ef60 

  0x00007978ec834f48: ; ImmutableOopMap {}
                      ;*getfield result {reexecute=1 rethrow=0 return_oop=0}
                      ; - (reexecute) org.ants.jpndd.diagram.NDD::andRec@51 (line 368)
  0x00007978ec834f48: 0748 8904 

  0x00007978ec834f4c: ;   {runtime_call throw_class_cast_exception Runtime1 stub}
  0x00007978ec834f4c: 24e8 0e25 

  0x00007978ec834f50: ; ImmutableOopMap {}
                      ;*checkcast {reexecute=0 rethrow=0 return_oop=0}
                      ; - org.ants.jpndd.diagram.NDD::andRec@54 (line 368)
                      ;   {internal_word}
  0x00007978ec834f50: 6107 49ba | 3e47 83ec | 7879 0000 | 4d89 9760 

  0x00007978ec834f60: ;   {runtime_call SafepointBlob}
  0x00007978ec834f60: 0400 00e9 | 786c 5507 

  0x00007978ec834f68: ;   {internal_word}
  0x00007978ec834f68: 49ba 5747 | 83ec 7879 | 0000 4d89 | 9760 0400 

  0x00007978ec834f78: ;   {runtime_call SafepointBlob}
  0x00007978ec834f78: 00e9 626c 

  0x00007978ec834f7c: ;   {internal_word}
  0x00007978ec834f7c: 5507 49ba | 7347 83ec | 7879 0000 | 4d89 9760 

  0x00007978ec834f8c: ;   {runtime_call SafepointBlob}
  0x00007978ec834f8c: 0400 00e9 | 4c6c 5507 

  0x00007978ec834f94: ;   {metadata(nullptr)}
  0x00007978ec834f94: 48ba 0000 | 0000 0000 | 0000 b800 

  0x00007978ec834fa0: ;   {runtime_call load_klass_patching Runtime1 stub}
  0x00007978ec834fa0: 0f05 0ae8 

  0x00007978ec834fa4: ; ImmutableOopMap {[200]=Oop [208]=Oop [216]=Oop [288]=Oop [296]=Oop }
                      ;*new {reexecute=1 rethrow=0 return_oop=0}
                      ; - (reexecute) java.util.Objects::requireNonNull@4 (line 220)
                      ; - java.util.stream.ForEachOps::makeRef@1 (line 72)
                      ; - java.util.stream.ReferencePipeline::forEach@3 (line 636)
                      ; - java.util.stream.ReferencePipeline$Head::forEach@22 (line 810)
                      ; - org.ants.jpndd.diagram.NDD::andRec@273 (line 431)
  0x00007978ec834fa4: b852 6107 | e9db f7ff | ff48 8bd2 

  0x00007978ec834fb0: ;   {runtime_call fast_new_instance Runtime1 stub}
  0x00007978ec834fb0: e8ab 0061 

  0x00007978ec834fb4: ; ImmutableOopMap {[200]=Oop [208]=Oop [216]=Oop [288]=Oop [296]=Oop }
                      ;*new {reexecute=0 rethrow=0 return_oop=0}
                      ; - java.util.Objects::requireNonNull@4 (line 220)
                      ; - java.util.stream.ForEachOps::makeRef@1 (line 72)
                      ; - java.util.stream.ReferencePipeline::forEach@3 (line 636)
                      ; - java.util.stream.ReferencePipeline$Head::forEach@22 (line 810)
                      ; - org.ants.jpndd.diagram.NDD::andRec@273 (line 431)
  0x00007978ec834fb4: 07e9 2af8 | ffff 498b | 8700 0500 | 0049 c787 | 0005 0000 | 0000 0000 | 49c7 8708 | 0500 0000 
  0x00007978ec834fd4: 0000 0048 | 81c4 5001 

  0x00007978ec834fdc: ;   {runtime_call unwind_exception Runtime1 stub}
  0x00007978ec834fdc: 0000 5de9 | 7cdf 6007 | f4f4 f4f4 
[Stub Code]
  0x00007978ec834fe8: ;   {no_reloc}
  0x00007978ec834fe8: 0f1f 4400 

  0x00007978ec834fec: ;   {static_stub}
  0x00007978ec834fec: 0048 bbd8 | ef40 8278 

  0x00007978ec834ff4: ;   {runtime_call I2C/C2I adapters}
  0x00007978ec834ff4: 7900 00e9 | beec 5407 

  0x00007978ec834ffc: ;   {static_stub}
  0x00007978ec834ffc: 9048 bb00 | 0000 0000 

  0x00007978ec835004: ;   {runtime_call nmethod}
  0x00007978ec835004: 0000 00e9 | fbff ffff 

  0x00007978ec83500c: ;   {static_stub}
  0x00007978ec83500c: 9048 bb00 | 0000 0000 

  0x00007978ec835014: ;   {runtime_call nmethod}
  0x00007978ec835014: 0000 00e9 | fbff ffff 

  0x00007978ec83501c: ;   {static_stub}
  0x00007978ec83501c: 9048 bb00 | 0000 0000 

  0x00007978ec835024: ;   {runtime_call nmethod}
  0x00007978ec835024: 0000 00e9 | fbff ffff 

  0x00007978ec83502c: ;   {static_stub}
  0x00007978ec83502c: 9048 bb00 | 0000 0000 

  0x00007978ec835034: ;   {runtime_call nmethod}
  0x00007978ec835034: 0000 00e9 | fbff ffff 

  0x00007978ec83503c: ;   {static_stub}
  0x00007978ec83503c: 9048 bb00 | 0000 0000 

  0x00007978ec835044: ;   {runtime_call nmethod}
  0x00007978ec835044: 0000 00e9 | fbff ffff 

  0x00007978ec83504c: ;   {static_stub}
  0x00007978ec83504c: 9048 bb00 | 0000 0000 

  0x00007978ec835054: ;   {runtime_call nmethod}
  0x00007978ec835054: 0000 00e9 | fbff ffff 

  0x00007978ec83505c: ;   {static_stub}
  0x00007978ec83505c: 9048 bb00 | 0000 0000 

  0x00007978ec835064: ;   {runtime_call nmethod}
  0x00007978ec835064: 0000 00e9 | fbff ffff 

  0x00007978ec83506c: ;   {static_stub}
  0x00007978ec83506c: 9048 bb00 | 0000 0000 

  0x00007978ec835074: ;   {runtime_call nmethod}
  0x00007978ec835074: 0000 00e9 | fbff ffff 

  0x00007978ec83507c: ;   {static_stub}
  0x00007978ec83507c: 9048 bb00 | 0000 0000 

  0x00007978ec835084: ;   {runtime_call nmethod}
  0x00007978ec835084: 0000 00e9 | fbff ffff 

  0x00007978ec83508c: ;   {static_stub}
  0x00007978ec83508c: 9048 bb00 | 0000 0000 

  0x00007978ec835094: ;   {runtime_call nmethod}
  0x00007978ec835094: 0000 00e9 | fbff ffff 

  0x00007978ec83509c: ;   {static_stub}
  0x00007978ec83509c: 9048 bb00 | 0000 0000 

  0x00007978ec8350a4: ;   {runtime_call nmethod}
  0x00007978ec8350a4: 0000 00e9 | fbff ffff 

  0x00007978ec8350ac: ;   {static_stub}
  0x00007978ec8350ac: 9048 bb00 | 0000 0000 

  0x00007978ec8350b4: ;   {runtime_call nmethod}
  0x00007978ec8350b4: 0000 00e9 | fbff ffff 

  0x00007978ec8350bc: ;   {static_stub}
  0x00007978ec8350bc: 9048 bb00 | 0000 0000 

  0x00007978ec8350c4: ;   {runtime_call nmethod}
  0x00007978ec8350c4: 0000 00e9 | fbff ffff 

  0x00007978ec8350cc: ;   {static_stub}
  0x00007978ec8350cc: 9048 bb00 | 0000 0000 

  0x00007978ec8350d4: ;   {runtime_call nmethod}
  0x00007978ec8350d4: 0000 00e9 | fbff ffff 

  0x00007978ec8350dc: ;   {static_stub}
  0x00007978ec8350dc: 9048 bb00 | 0000 0000 

  0x00007978ec8350e4: ;   {runtime_call nmethod}
  0x00007978ec8350e4: 0000 00e9 | fbff ffff 

  0x00007978ec8350ec: ;   {static_stub}
  0x00007978ec8350ec: 9048 bb00 | 0000 0000 

  0x00007978ec8350f4: ;   {runtime_call nmethod}
  0x00007978ec8350f4: 0000 00e9 | fbff ffff 

  0x00007978ec8350fc: ;   {static_stub}
  0x00007978ec8350fc: 9048 bb00 | 0000 0000 

  0x00007978ec835104: ;   {runtime_call nmethod}
  0x00007978ec835104: 0000 00e9 | fbff ffff 

  0x00007978ec83510c: ;   {static_stub}
  0x00007978ec83510c: 48bb 0000 | 0000 0000 

  0x00007978ec835114: ;   {runtime_call nmethod}
  0x00007978ec835114: 0000 e9fb 

  0x00007978ec835118: ;   {static_stub}
  0x00007978ec835118: ffff ff48 | bb00 0000 | 0000 0000 

  0x00007978ec835124: ;   {runtime_call nmethod}
  0x00007978ec835124: 00e9 fbff 

  0x00007978ec835128: ;   {static_stub}
  0x00007978ec835128: ffff 48bb | 0000 0000 | 0000 0000 

  0x00007978ec835134: ;   {runtime_call nmethod}
  0x00007978ec835134: e9fb ffff 

  0x00007978ec835138: ;   {static_stub}
  0x00007978ec835138: ff48 bb00 | 0000 0000 

  0x00007978ec835140: ;   {runtime_call nmethod}
  0x00007978ec835140: 0000 00e9 | fbff ffff 

  0x00007978ec835148: ;   {static_stub}
  0x00007978ec835148: 48bb 0000 | 0000 0000 

  0x00007978ec835150: ;   {runtime_call nmethod}
  0x00007978ec835150: 0000 e9fb 

  0x00007978ec835154: ;   {static_stub}
  0x00007978ec835154: ffff ff48 | bb00 0000 | 0000 0000 

  0x00007978ec835160: ;   {runtime_call nmethod}
  0x00007978ec835160: 00e9 fbff 

  0x00007978ec835164: ;   {static_stub}
  0x00007978ec835164: ffff 48bb | e06e 4486 | 7879 0000 

  0x00007978ec835170: ;   {runtime_call I2C/C2I adapters}
  0x00007978ec835170: e9c1 5555 

  0x00007978ec835174: ;   {static_stub}
  0x00007978ec835174: 0748 bb00 | 0000 0000 

  0x00007978ec83517c: ;   {runtime_call nmethod}
  0x00007978ec83517c: 0000 00e9 | fbff ffff 
[Exception Handler]
  0x00007978ec835184: ;   {runtime_call handle_exception_from_callee Runtime1 stub}
  0x00007978ec835184: e8d7 1c61 

  0x00007978ec835188: ;   {external_word}
  0x00007978ec835188: 0748 bf98 | 44c5 0c79 | 7900 0048 

  0x00007978ec835194: ;   {runtime_call MacroAssembler::debug64(char*, long, long*)}
  0x00007978ec835194: 83e4 f0e8 | e4be f81f 

  0x00007978ec83519c: ;   {section_word}
  0x00007978ec83519c: f449 ba9d | 5183 ec78 | 7900 0041 

  0x00007978ec8351a8: ;   {runtime_call DeoptimizationBlob}
  0x00007978ec8351a8: 52e9 d25c | 5507 f4f4 
[/MachCode]


---------------  P R O C E S S  ---------------

Threads class SMR info:
_java_thread_list=0x00007979041f9360, length=11, elements={
0x0000797904029cb0, 0x000079790412b330, 0x000079790412c8a0, 0x000079790412e1d0,
0x000079790412f810, 0x0000797904130db0, 0x00007979041328d0, 0x0000797904133fe0,
0x00007979041708a0, 0x0000797904173310, 0x00007979041f82c0
}

Java Threads: ( => current thread )
  0x0000797904029cb0 JavaThread "main"                              [_thread_blocked, id=1404559, stack(0x000079790bb00000,0x000079790bc00000) (1024K)]
  0x000079790412b330 JavaThread "Reference Handler"          daemon [_thread_blocked, id=1404567, stack(0x000079790837f000,0x000079790847f000) (1024K)]
  0x000079790412c8a0 JavaThread "Finalizer"                  daemon [_thread_blocked, id=1404568, stack(0x000079790827e000,0x000079790837e000) (1024K)]
  0x000079790412e1d0 JavaThread "Signal Dispatcher"          daemon [_thread_blocked, id=1404569, stack(0x000079790817d000,0x000079790827d000) (1024K)]
  0x000079790412f810 JavaThread "Service Thread"             daemon [_thread_blocked, id=1404570, stack(0x000079790807c000,0x000079790817c000) (1024K)]
  0x0000797904130db0 JavaThread "Monitor Deflation Thread"   daemon [_thread_blocked, id=1404571, stack(0x00007978e4a20000,0x00007978e4b20000) (1024K)]
  0x00007979041328d0 JavaThread "C2 CompilerThread0"         daemon [_thread_blocked, id=1404572, stack(0x00007978e4300000,0x00007978e4400000) (1024K)]
  0x0000797904133fe0 JavaThread "C1 CompilerThread0"         daemon [_thread_blocked, id=1404573, stack(0x00007978e41ff000,0x00007978e42ff000) (1024K)]
  0x00007979041708a0 JavaThread "Notification Thread"        daemon [_thread_blocked, id=1404575, stack(0x00007978e402e000,0x00007978e412e000) (1024K)]
  0x0000797904173310 JavaThread "Common-Cleaner"             daemon [_thread_blocked, id=1404576, stack(0x00007978d5f00000,0x00007978d6000000) (1024K)]
=>0x00007979041f82c0 JavaThread "ForkJoinPool.commonPool-worker-1" daemon [_thread_in_native, id=1404582, stack(0x00007978c70e4000,0x00007978c71e4000) (1024K)]
Total: 11

Other Threads:
  0x0000797904121d40 VMThread "VM Thread"                           [id=1404566, stack(0x0000797908480000,0x0000797908580000) (1024K)]
  0x0000797904110220 WatcherThread "VM Periodic Task Thread"        [id=1404565, stack(0x0000797908581000,0x0000797908681000) (1024K)]
  0x0000797904054990 WorkerThread "GC Thread#0"                     [id=1404560, stack(0x00007979091a9000,0x00007979092a9000) (1024K)]
  0x0000797904069830 ConcurrentGCThread "G1 Main Marker"            [id=1404561, stack(0x00007979090a8000,0x00007979091a8000) (1024K)]
  0x000079790406a7d0 WorkerThread "G1 Conc#0"                       [id=1404562, stack(0x0000797908fa7000,0x00007979090a7000) (1024K)]
  0x00007979040f5860 ConcurrentGCThread "G1 Refine#0"               [id=1404563, stack(0x00007979088a0000,0x00007979089a0000) (1024K)]
  0x00007979040f6820 ConcurrentGCThread "G1 Service"                [id=1404564, stack(0x000079790879f000,0x000079790889f000) (1024K)]
Total: 7

Threads with active compile tasks:
Total: 0

VM state: not at safepoint (normal execution)

VM Mutex/Monitor currently owned by a thread: None

Heap address: 0x000000060c800000, size: 7992 MB, Compressed Oops mode: Zero based, Oop shift amount: 3

CDS archive(s) mapped at: [0x0000797886000000-0x0000797886d91000-0x0000797886d91000), size 14225408, SharedBaseAddress: 0x0000797886000000, ArchiveRelocationMode: 1.
Compressed class space mapped at: 0x0000797887000000-0x00007978c7000000, reserved size: 1073741824
Narrow klass base: 0x0000797886000000, Narrow klass shift: 0, Narrow klass range: 0x100000000

GC Precious Log:
 CardTable entry size: 512
 Card Set container configuration: InlinePtr #cards 4 size 8 Array Of Cards #cards 32 size 80 Howl #buckets 8 coarsen threshold 7372 Howl Bitmap #cards 1024 size 144 coarsen threshold 921 Card regions per heap region 1 cards per card region 8192
 CPUs: 6 total, 6 available
 Memory: 31958M
 Large Page Support: Disabled
 NUMA Support: Disabled
 Compressed Oops: Enabled (Zero based)
 Heap Region Size: 4M
 Heap Min Capacity: 8M
 Heap Initial Capacity: 500M
 Heap Max Capacity: 7992M
 Pre-touch: Disabled
 Parallel Workers: 6
 Concurrent Workers: 2
 Concurrent Refinement Workers: 6
 Periodic GC: Disabled

Heap:
 garbage-first heap   total reserved 8183808K, committed 516096K, used 1147K [0x000000060c800000, 0x0000000800000000)
  region size 4096K, 1 young (4096K), 0 survivors (0K)
 Metaspace       used 821K, committed 960K, reserved 1114112K
  class space    used 70K, committed 128K, reserved 1048576K

Heap Regions: E=young(eden), S=young(survivor), O=old, HS=humongous(starts), HC=humongous(continues), CS=collection set, F=free, TAMS=top-at-mark-start, PB=parsable bottom
|   0|0x000000060c800000, 0x000000060c800000, 0x000000060cc00000|  0%| F|  |TAMS 0x000000060c800000| PB 0x000000060c800000| Untracked |  0
|   1|0x000000060cc00000, 0x000000060cc00000, 0x000000060d000000|  0%| F|  |TAMS 0x000000060cc00000| PB 0x000000060cc00000| Untracked |  0
|   2|0x000000060d000000, 0x000000060d000000, 0x000000060d400000|  0%| F|  |TAMS 0x000000060d000000| PB 0x000000060d000000| Untracked |  0
|   3|0x000000060d400000, 0x000000060d400000, 0x000000060d800000|  0%| F|  |TAMS 0x000000060d400000| PB 0x000000060d400000| Untracked |  0
|   4|0x000000060d800000, 0x000000060d800000, 0x000000060dc00000|  0%| F|  |TAMS 0x000000060d800000| PB 0x000000060d800000| Untracked |  0
|   5|0x000000060dc00000, 0x000000060dc00000, 0x000000060e000000|  0%| F|  |TAMS 0x000000060dc00000| PB 0x000000060dc00000| Untracked |  0
|   6|0x000000060e000000, 0x000000060e000000, 0x000000060e400000|  0%| F|  |TAMS 0x000000060e000000| PB 0x000000060e000000| Untracked |  0
|   7|0x000000060e400000, 0x000000060e400000, 0x000000060e800000|  0%| F|  |TAMS 0x000000060e400000| PB 0x000000060e400000| Untracked |  0
|   8|0x000000060e800000, 0x000000060e800000, 0x000000060ec00000|  0%| F|  |TAMS 0x000000060e800000| PB 0x000000060e800000| Untracked |  0
|   9|0x000000060ec00000, 0x000000060ec00000, 0x000000060f000000|  0%| F|  |TAMS 0x000000060ec00000| PB 0x000000060ec00000| Untracked |  0
|  10|0x000000060f000000, 0x000000060f000000, 0x000000060f400000|  0%| F|  |TAMS 0x000000060f000000| PB 0x000000060f000000| Untracked |  0
|  11|0x000000060f400000, 0x000000060f400000, 0x000000060f800000|  0%| F|  |TAMS 0x000000060f400000| PB 0x000000060f400000| Untracked |  0
|  12|0x000000060f800000, 0x000000060f800000, 0x000000060fc00000|  0%| F|  |TAMS 0x000000060f800000| PB 0x000000060f800000| Untracked |  0
|  13|0x000000060fc00000, 0x000000060fc00000, 0x0000000610000000|  0%| F|  |TAMS 0x000000060fc00000| PB 0x000000060fc00000| Untracked |  0
|  14|0x0000000610000000, 0x0000000610000000, 0x0000000610400000|  0%| F|  |TAMS 0x0000000610000000| PB 0x0000000610000000| Untracked |  0
|  15|0x0000000610400000, 0x0000000610400000, 0x0000000610800000|  0%| F|  |TAMS 0x0000000610400000| PB 0x0000000610400000| Untracked |  0
|  16|0x0000000610800000, 0x0000000610800000, 0x0000000610c00000|  0%| F|  |TAMS 0x0000000610800000| PB 0x0000000610800000| Untracked |  0
|  17|0x0000000610c00000, 0x0000000610c00000, 0x0000000611000000|  0%| F|  |TAMS 0x0000000610c00000| PB 0x0000000610c00000| Untracked |  0
|  18|0x0000000611000000, 0x0000000611000000, 0x0000000611400000|  0%| F|  |TAMS 0x0000000611000000| PB 0x0000000611000000| Untracked |  0
|  19|0x0000000611400000, 0x0000000611400000, 0x0000000611800000|  0%| F|  |TAMS 0x0000000611400000| PB 0x0000000611400000| Untracked |  0
|  20|0x0000000611800000, 0x0000000611800000, 0x0000000611c00000|  0%| F|  |TAMS 0x0000000611800000| PB 0x0000000611800000| Untracked |  0
|  21|0x0000000611c00000, 0x0000000611c00000, 0x0000000612000000|  0%| F|  |TAMS 0x0000000611c00000| PB 0x0000000611c00000| Untracked |  0
|  22|0x0000000612000000, 0x0000000612000000, 0x0000000612400000|  0%| F|  |TAMS 0x0000000612000000| PB 0x0000000612000000| Untracked |  0
|  23|0x0000000612400000, 0x0000000612400000, 0x0000000612800000|  0%| F|  |TAMS 0x0000000612400000| PB 0x0000000612400000| Untracked |  0
|  24|0x0000000612800000, 0x0000000612800000, 0x0000000612c00000|  0%| F|  |TAMS 0x0000000612800000| PB 0x0000000612800000| Untracked |  0
|  25|0x0000000612c00000, 0x0000000612c00000, 0x0000000613000000|  0%| F|  |TAMS 0x0000000612c00000| PB 0x0000000612c00000| Untracked |  0
|  26|0x0000000613000000, 0x0000000613000000, 0x0000000613400000|  0%| F|  |TAMS 0x0000000613000000| PB 0x0000000613000000| Untracked |  0
|  27|0x0000000613400000, 0x0000000613400000, 0x0000000613800000|  0%| F|  |TAMS 0x0000000613400000| PB 0x0000000613400000| Untracked |  0
|  28|0x0000000613800000, 0x0000000613800000, 0x0000000613c00000|  0%| F|  |TAMS 0x0000000613800000| PB 0x0000000613800000| Untracked |  0
|  29|0x0000000613c00000, 0x0000000613c00000, 0x0000000614000000|  0%| F|  |TAMS 0x0000000613c00000| PB 0x0000000613c00000| Untracked |  0
|  30|0x0000000614000000, 0x0000000614000000, 0x0000000614400000|  0%| F|  |TAMS 0x0000000614000000| PB 0x0000000614000000| Untracked |  0
|  31|0x0000000614400000, 0x0000000614400000, 0x0000000614800000|  0%| F|  |TAMS 0x0000000614400000| PB 0x0000000614400000| Untracked |  0
|  32|0x0000000614800000, 0x0000000614800000, 0x0000000614c00000|  0%| F|  |TAMS 0x0000000614800000| PB 0x0000000614800000| Untracked |  0
|  33|0x0000000614c00000, 0x0000000614c00000, 0x0000000615000000|  0%| F|  |TAMS 0x0000000614c00000| PB 0x0000000614c00000| Untracked |  0
|  34|0x0000000615000000, 0x0000000615000000, 0x0000000615400000|  0%| F|  |TAMS 0x0000000615000000| PB 0x0000000615000000| Untracked |  0
|  35|0x0000000615400000, 0x0000000615400000, 0x0000000615800000|  0%| F|  |TAMS 0x0000000615400000| PB 0x0000000615400000| Untracked |  0
|  36|0x0000000615800000, 0x0000000615800000, 0x0000000615c00000|  0%| F|  |TAMS 0x0000000615800000| PB 0x0000000615800000| Untracked |  0
|  37|0x0000000615c00000, 0x0000000615c00000, 0x0000000616000000|  0%| F|  |TAMS 0x0000000615c00000| PB 0x0000000615c00000| Untracked |  0
|  38|0x0000000616000000, 0x0000000616000000, 0x0000000616400000|  0%| F|  |TAMS 0x0000000616000000| PB 0x0000000616000000| Untracked |  0
|  39|0x0000000616400000, 0x0000000616400000, 0x0000000616800000|  0%| F|  |TAMS 0x0000000616400000| PB 0x0000000616400000| Untracked |  0
|  40|0x0000000616800000, 0x0000000616800000, 0x0000000616c00000|  0%| F|  |TAMS 0x0000000616800000| PB 0x0000000616800000| Untracked |  0
|  41|0x0000000616c00000, 0x0000000616c00000, 0x0000000617000000|  0%| F|  |TAMS 0x0000000616c00000| PB 0x0000000616c00000| Untracked |  0
|  42|0x0000000617000000, 0x0000000617000000, 0x0000000617400000|  0%| F|  |TAMS 0x0000000617000000| PB 0x0000000617000000| Untracked |  0
|  43|0x0000000617400000, 0x0000000617400000, 0x0000000617800000|  0%| F|  |TAMS 0x0000000617400000| PB 0x0000000617400000| Untracked |  0
|  44|0x0000000617800000, 0x0000000617800000, 0x0000000617c00000|  0%| F|  |TAMS 0x0000000617800000| PB 0x0000000617800000| Untracked |  0
|  45|0x0000000617c00000, 0x0000000617c00000, 0x0000000618000000|  0%| F|  |TAMS 0x0000000617c00000| PB 0x0000000617c00000| Untracked |  0
|  46|0x0000000618000000, 0x0000000618000000, 0x0000000618400000|  0%| F|  |TAMS 0x0000000618000000| PB 0x0000000618000000| Untracked |  0
|  47|0x0000000618400000, 0x0000000618400000, 0x0000000618800000|  0%| F|  |TAMS 0x0000000618400000| PB 0x0000000618400000| Untracked |  0
|  48|0x0000000618800000, 0x0000000618800000, 0x0000000618c00000|  0%| F|  |TAMS 0x0000000618800000| PB 0x0000000618800000| Untracked |  0
|  49|0x0000000618c00000, 0x0000000618c00000, 0x0000000619000000|  0%| F|  |TAMS 0x0000000618c00000| PB 0x0000000618c00000| Untracked |  0
|  50|0x0000000619000000, 0x0000000619000000, 0x0000000619400000|  0%| F|  |TAMS 0x0000000619000000| PB 0x0000000619000000| Untracked |  0
|  51|0x0000000619400000, 0x0000000619400000, 0x0000000619800000|  0%| F|  |TAMS 0x0000000619400000| PB 0x0000000619400000| Untracked |  0
|  52|0x0000000619800000, 0x0000000619800000, 0x0000000619c00000|  0%| F|  |TAMS 0x0000000619800000| PB 0x0000000619800000| Untracked |  0
|  53|0x0000000619c00000, 0x0000000619c00000, 0x000000061a000000|  0%| F|  |TAMS 0x0000000619c00000| PB 0x0000000619c00000| Untracked |  0
|  54|0x000000061a000000, 0x000000061a000000, 0x000000061a400000|  0%| F|  |TAMS 0x000000061a000000| PB 0x000000061a000000| Untracked |  0
|  55|0x000000061a400000, 0x000000061a400000, 0x000000061a800000|  0%| F|  |TAMS 0x000000061a400000| PB 0x000000061a400000| Untracked |  0
|  56|0x000000061a800000, 0x000000061a800000, 0x000000061ac00000|  0%| F|  |TAMS 0x000000061a800000| PB 0x000000061a800000| Untracked |  0
|  57|0x000000061ac00000, 0x000000061ac00000, 0x000000061b000000|  0%| F|  |TAMS 0x000000061ac00000| PB 0x000000061ac00000| Untracked |  0
|  58|0x000000061b000000, 0x000000061b000000, 0x000000061b400000|  0%| F|  |TAMS 0x000000061b000000| PB 0x000000061b000000| Untracked |  0
|  59|0x000000061b400000, 0x000000061b400000, 0x000000061b800000|  0%| F|  |TAMS 0x000000061b400000| PB 0x000000061b400000| Untracked |  0
|  60|0x000000061b800000, 0x000000061b800000, 0x000000061bc00000|  0%| F|  |TAMS 0x000000061b800000| PB 0x000000061b800000| Untracked |  0
|  61|0x000000061bc00000, 0x000000061bc00000, 0x000000061c000000|  0%| F|  |TAMS 0x000000061bc00000| PB 0x000000061bc00000| Untracked |  0
|  62|0x000000061c000000, 0x000000061c000000, 0x000000061c400000|  0%| F|  |TAMS 0x000000061c000000| PB 0x000000061c000000| Untracked |  0
|  63|0x000000061c400000, 0x000000061c400000, 0x000000061c800000|  0%| F|  |TAMS 0x000000061c400000| PB 0x000000061c400000| Untracked |  0
|  64|0x000000061c800000, 0x000000061c800000, 0x000000061cc00000|  0%| F|  |TAMS 0x000000061c800000| PB 0x000000061c800000| Untracked |  0
|  65|0x000000061cc00000, 0x000000061cc00000, 0x000000061d000000|  0%| F|  |TAMS 0x000000061cc00000| PB 0x000000061cc00000| Untracked |  0
|  66|0x000000061d000000, 0x000000061d000000, 0x000000061d400000|  0%| F|  |TAMS 0x000000061d000000| PB 0x000000061d000000| Untracked |  0
|  67|0x000000061d400000, 0x000000061d400000, 0x000000061d800000|  0%| F|  |TAMS 0x000000061d400000| PB 0x000000061d400000| Untracked |  0
|  68|0x000000061d800000, 0x000000061d800000, 0x000000061dc00000|  0%| F|  |TAMS 0x000000061d800000| PB 0x000000061d800000| Untracked |  0
|  69|0x000000061dc00000, 0x000000061dc00000, 0x000000061e000000|  0%| F|  |TAMS 0x000000061dc00000| PB 0x000000061dc00000| Untracked |  0
|  70|0x000000061e000000, 0x000000061e000000, 0x000000061e400000|  0%| F|  |TAMS 0x000000061e000000| PB 0x000000061e000000| Untracked |  0
|  71|0x000000061e400000, 0x000000061e400000, 0x000000061e800000|  0%| F|  |TAMS 0x000000061e400000| PB 0x000000061e400000| Untracked |  0
|  72|0x000000061e800000, 0x000000061e800000, 0x000000061ec00000|  0%| F|  |TAMS 0x000000061e800000| PB 0x000000061e800000| Untracked |  0
|  73|0x000000061ec00000, 0x000000061ec00000, 0x000000061f000000|  0%| F|  |TAMS 0x000000061ec00000| PB 0x000000061ec00000| Untracked |  0
|  74|0x000000061f000000, 0x000000061f000000, 0x000000061f400000|  0%| F|  |TAMS 0x000000061f000000| PB 0x000000061f000000| Untracked |  0
|  75|0x000000061f400000, 0x000000061f400000, 0x000000061f800000|  0%| F|  |TAMS 0x000000061f400000| PB 0x000000061f400000| Untracked |  0
|  76|0x000000061f800000, 0x000000061f800000, 0x000000061fc00000|  0%| F|  |TAMS 0x000000061f800000| PB 0x000000061f800000| Untracked |  0
|  77|0x000000061fc00000, 0x000000061fc00000, 0x0000000620000000|  0%| F|  |TAMS 0x000000061fc00000| PB 0x000000061fc00000| Untracked |  0
|  78|0x0000000620000000, 0x0000000620000000, 0x0000000620400000|  0%| F|  |TAMS 0x0000000620000000| PB 0x0000000620000000| Untracked |  0
|  79|0x0000000620400000, 0x0000000620400000, 0x0000000620800000|  0%| F|  |TAMS 0x0000000620400000| PB 0x0000000620400000| Untracked |  0
|  80|0x0000000620800000, 0x0000000620800000, 0x0000000620c00000|  0%| F|  |TAMS 0x0000000620800000| PB 0x0000000620800000| Untracked |  0
|  81|0x0000000620c00000, 0x0000000620c00000, 0x0000000621000000|  0%| F|  |TAMS 0x0000000620c00000| PB 0x0000000620c00000| Untracked |  0
|  82|0x0000000621000000, 0x0000000621000000, 0x0000000621400000|  0%| F|  |TAMS 0x0000000621000000| PB 0x0000000621000000| Untracked |  0
|  83|0x0000000621400000, 0x0000000621400000, 0x0000000621800000|  0%| F|  |TAMS 0x0000000621400000| PB 0x0000000621400000| Untracked |  0
|  84|0x0000000621800000, 0x0000000621800000, 0x0000000621c00000|  0%| F|  |TAMS 0x0000000621800000| PB 0x0000000621800000| Untracked |  0
|  85|0x0000000621c00000, 0x0000000621c00000, 0x0000000622000000|  0%| F|  |TAMS 0x0000000621c00000| PB 0x0000000621c00000| Untracked |  0
|  86|0x0000000622000000, 0x0000000622000000, 0x0000000622400000|  0%| F|  |TAMS 0x0000000622000000| PB 0x0000000622000000| Untracked |  0
|  87|0x0000000622400000, 0x0000000622400000, 0x0000000622800000|  0%| F|  |TAMS 0x0000000622400000| PB 0x0000000622400000| Untracked |  0
|  88|0x0000000622800000, 0x0000000622800000, 0x0000000622c00000|  0%| F|  |TAMS 0x0000000622800000| PB 0x0000000622800000| Untracked |  0
|  89|0x0000000622c00000, 0x0000000622c00000, 0x0000000623000000|  0%| F|  |TAMS 0x0000000622c00000| PB 0x0000000622c00000| Untracked |  0
|  90|0x0000000623000000, 0x0000000623000000, 0x0000000623400000|  0%| F|  |TAMS 0x0000000623000000| PB 0x0000000623000000| Untracked |  0
|  91|0x0000000623400000, 0x0000000623400000, 0x0000000623800000|  0%| F|  |TAMS 0x0000000623400000| PB 0x0000000623400000| Untracked |  0
|  92|0x0000000623800000, 0x0000000623800000, 0x0000000623c00000|  0%| F|  |TAMS 0x0000000623800000| PB 0x0000000623800000| Untracked |  0
|  93|0x0000000623c00000, 0x0000000623c00000, 0x0000000624000000|  0%| F|  |TAMS 0x0000000623c00000| PB 0x0000000623c00000| Untracked |  0
|  94|0x0000000624000000, 0x0000000624000000, 0x0000000624400000|  0%| F|  |TAMS 0x0000000624000000| PB 0x0000000624000000| Untracked |  0
|  95|0x0000000624400000, 0x0000000624400000, 0x0000000624800000|  0%| F|  |TAMS 0x0000000624400000| PB 0x0000000624400000| Untracked |  0
|  96|0x0000000624800000, 0x0000000624800000, 0x0000000624c00000|  0%| F|  |TAMS 0x0000000624800000| PB 0x0000000624800000| Untracked |  0
|  97|0x0000000624c00000, 0x0000000624c00000, 0x0000000625000000|  0%| F|  |TAMS 0x0000000624c00000| PB 0x0000000624c00000| Untracked |  0
|  98|0x0000000625000000, 0x0000000625000000, 0x0000000625400000|  0%| F|  |TAMS 0x0000000625000000| PB 0x0000000625000000| Untracked |  0
|  99|0x0000000625400000, 0x0000000625400000, 0x0000000625800000|  0%| F|  |TAMS 0x0000000625400000| PB 0x0000000625400000| Untracked |  0
| 100|0x0000000625800000, 0x0000000625800000, 0x0000000625c00000|  0%| F|  |TAMS 0x0000000625800000| PB 0x0000000625800000| Untracked |  0
| 101|0x0000000625c00000, 0x0000000625c00000, 0x0000000626000000|  0%| F|  |TAMS 0x0000000625c00000| PB 0x0000000625c00000| Untracked |  0
| 102|0x0000000626000000, 0x0000000626000000, 0x0000000626400000|  0%| F|  |TAMS 0x0000000626000000| PB 0x0000000626000000| Untracked |  0
| 103|0x0000000626400000, 0x0000000626400000, 0x0000000626800000|  0%| F|  |TAMS 0x0000000626400000| PB 0x0000000626400000| Untracked |  0
| 104|0x0000000626800000, 0x0000000626800000, 0x0000000626c00000|  0%| F|  |TAMS 0x0000000626800000| PB 0x0000000626800000| Untracked |  0
| 105|0x0000000626c00000, 0x0000000626c00000, 0x0000000627000000|  0%| F|  |TAMS 0x0000000626c00000| PB 0x0000000626c00000| Untracked |  0
| 106|0x0000000627000000, 0x0000000627000000, 0x0000000627400000|  0%| F|  |TAMS 0x0000000627000000| PB 0x0000000627000000| Untracked |  0
| 107|0x0000000627400000, 0x0000000627400000, 0x0000000627800000|  0%| F|  |TAMS 0x0000000627400000| PB 0x0000000627400000| Untracked |  0
| 108|0x0000000627800000, 0x0000000627800000, 0x0000000627c00000|  0%| F|  |TAMS 0x0000000627800000| PB 0x0000000627800000| Untracked |  0
| 109|0x0000000627c00000, 0x0000000627c00000, 0x0000000628000000|  0%| F|  |TAMS 0x0000000627c00000| PB 0x0000000627c00000| Untracked |  0
| 110|0x0000000628000000, 0x0000000628000000, 0x0000000628400000|  0%| F|  |TAMS 0x0000000628000000| PB 0x0000000628000000| Untracked |  0
| 111|0x0000000628400000, 0x0000000628400000, 0x0000000628800000|  0%| F|  |TAMS 0x0000000628400000| PB 0x0000000628400000| Untracked |  0
| 112|0x0000000628800000, 0x0000000628800000, 0x0000000628c00000|  0%| F|  |TAMS 0x0000000628800000| PB 0x0000000628800000| Untracked |  0
| 113|0x0000000628c00000, 0x0000000628c00000, 0x0000000629000000|  0%| F|  |TAMS 0x0000000628c00000| PB 0x0000000628c00000| Untracked |  0
| 114|0x0000000629000000, 0x0000000629000000, 0x0000000629400000|  0%| F|  |TAMS 0x0000000629000000| PB 0x0000000629000000| Untracked |  0
| 115|0x0000000629400000, 0x0000000629400000, 0x0000000629800000|  0%| F|  |TAMS 0x0000000629400000| PB 0x0000000629400000| Untracked |  0
| 116|0x0000000629800000, 0x0000000629800000, 0x0000000629c00000|  0%| F|  |TAMS 0x0000000629800000| PB 0x0000000629800000| Untracked |  0
| 117|0x0000000629c00000, 0x0000000629c00000, 0x000000062a000000|  0%| F|  |TAMS 0x0000000629c00000| PB 0x0000000629c00000| Untracked |  0
| 118|0x000000062a000000, 0x000000062a000000, 0x000000062a400000|  0%| F|  |TAMS 0x000000062a000000| PB 0x000000062a000000| Untracked |  0
| 119|0x000000062a400000, 0x000000062a400000, 0x000000062a800000|  0%| F|  |TAMS 0x000000062a400000| PB 0x000000062a400000| Untracked |  0
| 120|0x000000062a800000, 0x000000062a800000, 0x000000062ac00000|  0%| F|  |TAMS 0x000000062a800000| PB 0x000000062a800000| Untracked |  0
| 121|0x000000062ac00000, 0x000000062ac00000, 0x000000062b000000|  0%| F|  |TAMS 0x000000062ac00000| PB 0x000000062ac00000| Untracked |  0
| 122|0x000000062b000000, 0x000000062b000000, 0x000000062b400000|  0%| F|  |TAMS 0x000000062b000000| PB 0x000000062b000000| Untracked |  0
| 123|0x000000062b400000, 0x000000062b400000, 0x000000062b800000|  0%| F|  |TAMS 0x000000062b400000| PB 0x000000062b400000| Untracked |  0
| 124|0x000000062b800000, 0x000000062bc00000, 0x000000062bc00000|100%| E|  |TAMS 0x000000062b800000| PB 0x000000062b800000| Complete |  0
|1997|0x00000007ffc00000, 0x00000007ffd1ec58, 0x0000000800000000| 28%| O|  |TAMS 0x00000007ffc00000| PB 0x00000007ffc00000| Untracked |  0

Card table byte_map: [0x0000797909369000,0x000079790a305000] _byte_map_base: 0x0000797906305000

Marking Bits: (CMBitMap*) 0x00007979040554c0
 Bits: [0x00007978e4b20000, 0x00007978ec800000)

Polling page: 0x000079790d3e6000

Metaspace:

Usage:
  Non-class:    751.22 KB used.
      Class:     70.41 KB used.
       Both:    821.63 KB used.

Virtual space:
  Non-class space:       64.00 MB reserved,     832.00 KB (  1%) committed,  1 nodes.
      Class space:        1.00 GB reserved,     128.00 KB ( <1%) committed,  1 nodes.
             Both:        1.06 GB reserved,     960.00 KB ( <1%) committed. 

Chunk freelists:
   Non-Class:  11.90 MB
       Class:  15.74 MB
        Both:  27.63 MB

MaxMetaspaceSize: unlimited
CompressedClassSpaceSize: 1.00 GB
Initial GC threshold: 21.00 MB
Current GC threshold: 21.00 MB
CDS: on
 - commit_granule_bytes: 65536.
 - commit_granule_words: 8192.
 - virtual_space_node_default_size: 8388608.
 - enlarge_chunks_in_place: 1.
 - use_allocation_guard: 0.


Internal statistics:

num_allocs_failed_limit: 0.
num_arena_births: 14.
num_arena_deaths: 0.
num_vsnodes_births: 2.
num_vsnodes_deaths: 0.
num_space_committed: 15.
num_space_uncommitted: 0.
num_chunks_returned_to_freelist: 0.
num_chunks_taken_from_freelist: 22.
num_chunk_merges: 0.
num_chunk_splits: 14.
num_chunks_enlarged: 10.
num_inconsistent_stats: 0.

CodeHeap 'non-profiled nmethods': size=120036Kb used=75Kb max_used=75Kb free=119960Kb
 bounds [0x00007978f42c7000, 0x00007978f4537000, 0x00007978fb800000]
CodeHeap 'profiled nmethods': size=120028Kb used=252Kb max_used=252Kb free=119775Kb
 bounds [0x00007978ec800000, 0x00007978eca70000, 0x00007978f3d37000]
CodeHeap 'non-nmethods': size=5696Kb used=1284Kb max_used=1306Kb free=4411Kb
 bounds [0x00007978f3d37000, 0x00007978f3fa7000, 0x00007978f42c7000]
CodeCache: size=245760Kb, used=1611Kb, max_used=1633Kb, free=244146Kb
 total_blobs=654, nmethods=237, adapters=324, full_count=0
Compilation: enabled, stopped_count=0, restarted_count=0

Compilation events (20 events):
Event: 0.083 Thread 0x0000797904133fe0  219       1       java.util.concurrent.CountedCompleter::getRawResult (2 bytes)
Event: 0.083 Thread 0x0000797904133fe0 nmethod 219 0x00007978f42d7e08 code [0x00007978f42d7f20, 0x00007978f42d7fe8]
Event: 0.083 Thread 0x0000797904133fe0  223       3       java.util.stream.StreamOpFlag::isKnown (19 bytes)
Event: 0.083 Thread 0x0000797904133fe0 nmethod 223 0x00007978ec831308 code [0x00007978ec831420, 0x00007978ec831578]
Event: 0.083 Thread 0x0000797904133fe0  224       3       org.ants.jpndd.diagram.NDD::andRec (312 bytes)
Event: 0.085 Thread 0x0000797904133fe0 nmethod 224 0x00007978ec831608 code [0x00007978ec831b60, 0x00007978ec8351b0]
Event: 0.085 Thread 0x00007979041328d0  228   !   4       java.util.concurrent.ConcurrentHashMap::putVal (432 bytes)
Event: 0.087 Thread 0x0000797904133fe0  229       3       java.util.HashMap::clear (50 bytes)
Event: 0.087 Thread 0x0000797904133fe0 nmethod 229 0x00007978ec835388 code [0x00007978ec8354c0, 0x00007978ec835850]
Event: 0.087 Thread 0x0000797904133fe0  227       3       org.ants.jpndd.diagram.NDD::orRec (861 bytes)
Event: 0.091 Thread 0x0000797904133fe0 nmethod 227 0x00007978ec835888 code [0x00007978ec836240, 0x00007978ec83c6c8]
Event: 0.091 Thread 0x0000797904133fe0  225       3       org.ants.jpndd.cache.OperationCache::goodHash (22 bytes)
Event: 0.091 Thread 0x0000797904133fe0 nmethod 225 0x00007978ec83c808 code [0x00007978ec83c960, 0x00007978ec83cce8]
Event: 0.091 Thread 0x0000797904133fe0  226       3       java.lang.Math::abs (13 bytes)
Event: 0.091 Thread 0x0000797904133fe0 nmethod 226 0x00007978ec83cd08 code [0x00007978ec83ce20, 0x00007978ec83cf78]
Event: 0.091 Thread 0x0000797904133fe0  231       3       org.ants.jpndd.cache.OperationCache::getEntry (65 bytes)
Event: 0.092 Thread 0x0000797904133fe0 nmethod 231 0x00007978ec83d008 code [0x00007978ec83d1a0, 0x00007978ec83d990]
Event: 0.092 Thread 0x0000797904133fe0  230       3       java.util.concurrent.ConcurrentHashMap$Node::<init> (14 bytes)
Event: 0.092 Thread 0x0000797904133fe0 nmethod 230 0x00007978ec83da08 code [0x00007978ec83db40, 0x00007978ec83de38]
Event: 0.092 Thread 0x0000797904133fe0  234       3       org.ants.jpndd.diagram.NDD::deref (8 bytes)

GC Heap History (0 events):
No events

Dll operation events (6 events):
Event: 0.001 Loaded shared library /usr/local/java/jdk-23/lib/libjava.so
Event: 0.018 Loaded shared library /usr/local/java/jdk-23/lib/libsimdsort.so
Event: 0.018 Loaded shared library /usr/local/java/jdk-23/lib/libjsvml.so
Event: 0.049 Loaded shared library /usr/local/java/jdk-23/lib/libnio.so
Event: 0.049 Loaded shared library /usr/local/java/jdk-23/lib/libjimage.so
Event: 0.052 Loaded shared library /tmp/libsylvan-java4443364009180268373.so

Deoptimization events (0 events):
No events

Classes loaded (20 events):
Event: 0.047 Loading class sun/security/provider/ByteArrayAccess$BE
Event: 0.047 Loading class sun/security/provider/ByteArrayAccess$BE done
Event: 0.048 Loading class java/io/DeleteOnExitHook
Event: 0.048 Loading class java/io/DeleteOnExitHook done
Event: 0.048 Loading class java/io/DeleteOnExitHook$1
Event: 0.048 Loading class java/io/DeleteOnExitHook$1 done
Event: 0.051 Loading class sun/net/www/protocol/file/FileURLConnection
Event: 0.051 Loading class sun/net/www/URLConnection
Event: 0.051 Loading class java/net/URLConnection
Event: 0.051 Loading class java/net/URLConnection done
Event: 0.051 Loading class sun/net/www/URLConnection done
Event: 0.051 Loading class sun/net/www/protocol/file/FileURLConnection done
Event: 0.051 Loading class sun/net/www/MessageHeader
Event: 0.051 Loading class sun/net/www/MessageHeader done
Event: 0.052 Loading class java/io/FileOutputStream$1
Event: 0.052 Loading class java/io/FileOutputStream$1 done
Event: 0.071 Loading class java/util/concurrent/ConcurrentHashMap$EntrySpliterator
Event: 0.071 Loading class java/util/concurrent/ConcurrentHashMap$EntrySpliterator done
Event: 0.074 Loading class java/util/stream/ForEachOps$ForEachTask
Event: 0.074 Loading class java/util/stream/ForEachOps$ForEachTask done

Classes unloaded (0 events):
No events

Classes redefined (0 events):
No events

Internal exceptions (1 events):
Event: 0.072 Thread 0x0000797904029cb0 Exception <a 'java/lang/NoSuchMethodError'{0x000000062ba9d4d8}: 'void java.lang.invoke.DirectMethodHandle$Holder.invokeStatic(java.lang.Object, java.lang.Object, java.lang.Object, java.lang.Object)'> (0x000000062ba9d4d8) 
thrown [open/src/hotspot/share/interpreter/linkResolver.cpp, line 795]

VM Operations (0 events):
No events

Memory protections (11 events):
Event: 0.001 Protecting memory [0x000079790bb00000,0x000079790bb04000] with protection modes 0
Event: 0.016 Protecting memory [0x000079790837f000,0x0000797908383000] with protection modes 0
Event: 0.016 Protecting memory [0x000079790827e000,0x0000797908282000] with protection modes 0
Event: 0.016 Protecting memory [0x000079790817d000,0x0000797908181000] with protection modes 0
Event: 0.016 Protecting memory [0x000079790807c000,0x0000797908080000] with protection modes 0
Event: 0.017 Protecting memory [0x00007978e4a20000,0x00007978e4a24000] with protection modes 0
Event: 0.017 Protecting memory [0x00007978e4300000,0x00007978e4304000] with protection modes 0
Event: 0.017 Protecting memory [0x00007978e41ff000,0x00007978e4203000] with protection modes 0
Event: 0.020 Protecting memory [0x00007978e402e000,0x00007978e4032000] with protection modes 0
Event: 0.021 Protecting memory [0x00007978d5f00000,0x00007978d5f04000] with protection modes 0
Event: 0.092 Protecting memory [0x00007978c70e4000,0x00007978c70e8000] with protection modes 0

Nmethod flushes (0 events):
No events

Events (11 events):
Event: 0.010 Thread 0x0000797904029cb0 Thread added: 0x0000797904029cb0
Event: 0.016 Thread 0x0000797904029cb0 Thread added: 0x000079790412b330
Event: 0.016 Thread 0x0000797904029cb0 Thread added: 0x000079790412c8a0
Event: 0.016 Thread 0x0000797904029cb0 Thread added: 0x000079790412e1d0
Event: 0.016 Thread 0x0000797904029cb0 Thread added: 0x000079790412f810
Event: 0.017 Thread 0x0000797904029cb0 Thread added: 0x0000797904130db0
Event: 0.017 Thread 0x0000797904029cb0 Thread added: 0x00007979041328d0
Event: 0.017 Thread 0x0000797904029cb0 Thread added: 0x0000797904133fe0
Event: 0.020 Thread 0x0000797904029cb0 Thread added: 0x00007979041708a0
Event: 0.021 Thread 0x0000797904029cb0 Thread added: 0x0000797904173310
Event: 0.092 Thread 0x0000797904029cb0 Thread added: 0x00007979041f82c0


Dynamic libraries:
60c800000-62bc00000 rw-p 00000000 00:00 0 
62bc00000-7ffc00000 ---p 00000000 00:00 0 
7ffc00000-7ffd1f000 rw-p 00dc0000 00:1a 432124                           /usr/local/java/jdk-23/lib/server/classes.jsa
7ffd1f000-800000000 rw-p 00000000 00:00 0 
55c319ed5000-55c319ed6000 r-xp 00000000 00:1a 431688                     /usr/local/java/jdk-23/bin/java
55c319ed7000-55c319ed8000 r--p 00001000 00:1a 431688                     /usr/local/java/jdk-23/bin/java
55c319ed8000-55c319ed9000 rw-p 00002000 00:1a 431688                     /usr/local/java/jdk-23/bin/java
55c31a3da000-55c31a421000 rw-p 00000000 00:00 0                          [heap]
7976e8000000-7976e8021000 rw-p 00000000 00:00 0 
7976e8021000-7976ec000000 ---p 00000000 00:00 0 
7976f0000000-797840021000 rw-p 00000000 00:00 0 
797840021000-797844000000 ---p 00000000 00:00 0 
797844000000-797844021000 rw-p 00000000 00:00 0 
797844021000-797848000000 ---p 00000000 00:00 0 
797849800000-79784b800000 rw-p 00000000 00:00 0 
79784b9e5000-79784c021000 rw-p 00000000 00:00 0 
79784c021000-797850000000 ---p 00000000 00:00 0 
797850000000-797850021000 rw-p 00000000 00:00 0 
797850021000-797854000000 ---p 00000000 00:00 0 
797854000000-797854021000 rw-p 00000000 00:00 0 
797854021000-797858000000 ---p 00000000 00:00 0 
797858000000-797858021000 rw-p 00000000 00:00 0 
797858021000-79785c000000 ---p 00000000 00:00 0 
79785c000000-79785c1bf000 rw-p 00000000 00:00 0 
79785c1bf000-797860000000 ---p 00000000 00:00 0 
797860000000-797860021000 rw-p 00000000 00:00 0 
797860021000-797864000000 ---p 00000000 00:00 0 
797864000000-797864021000 rw-p 00000000 00:00 0 
797864021000-797868000000 ---p 00000000 00:00 0 
797868000000-79786815c000 rw-p 00000000 00:00 0 
79786815c000-79786c000000 ---p 00000000 00:00 0 
79786c000000-79786c021000 rw-p 00000000 00:00 0 
79786c021000-797870000000 ---p 00000000 00:00 0 
797870000000-797870021000 rw-p 00000000 00:00 0 
797870021000-797874000000 ---p 00000000 00:00 0 
797874000000-797874021000 rw-p 00000000 00:00 0 
797874021000-797878000000 ---p 00000000 00:00 0 
797878000000-797878021000 rw-p 00000000 00:00 0 
797878021000-79787c000000 ---p 00000000 00:00 0 
79787c000000-79787c021000 rw-p 00000000 00:00 0 
79787c021000-797880000000 ---p 00000000 00:00 0 
797880170000-7978811e4000 rw-p 00000000 00:00 0 
7978811e4000-7978811e5000 ---p 00000000 00:00 0 
7978811e5000-7978820b0000 rw-p 00000000 00:00 0 
7978820b0000-797882400000 ---p 00000000 00:00 0 
797882400000-797882420000 rw-p 00000000 00:00 0 
797882420000-797886000000 ---p 00000000 00:00 0 
797886000000-797886d91000 rw-p 00001000 00:1a 432124                     /usr/local/java/jdk-23/lib/server/classes.jsa
797886d91000-797887000000 ---p 00000000 00:00 0 
797887000000-797887010000 rw-p 00000000 00:00 0 
797887010000-797887040000 ---p 00000000 00:00 0 
797887040000-797887050000 rw-p 00000000 00:00 0 
797887050000-7978c7000000 ---p 00000000 00:00 0 
7978c70e3000-7978c70e4000 ---p 00000000 00:00 0 
7978c70e4000-7978c70e8000 ---p 00000000 00:00 0 
7978c70e8000-7978c71e4000 rw-p 00000000 00:00 0 
7978c71e4000-7978c77ff000 rw-p 00000000 00:00 0 
7978c77ff000-7978c7800000 ---p 00000000 00:00 0 
7978c7800000-7978c8021000 rw-p 00000000 00:00 0 
7978c8021000-7978cc000000 ---p 00000000 00:00 0 
7978cc000000-7978cc021000 rw-p 00000000 00:00 0 
7978cc021000-7978d0000000 ---p 00000000 00:00 0 
7978d0000000-7978d0021000 rw-p 00000000 00:00 0 
7978d0021000-7978d4000000 ---p 00000000 00:00 0 
7978d40e1000-7978d46fc000 rw-p 00000000 00:00 0 
7978d46fc000-7978d46fd000 ---p 00000000 00:00 0 
7978d46fd000-7978d4efd000 rw-p 00000000 00:00 0 
7978d4efd000-7978d4efe000 ---p 00000000 00:00 0 
7978d4efe000-7978d56fe000 rw-p 00000000 00:00 0 
7978d56fe000-7978d56ff000 ---p 00000000 00:00 0 
7978d56ff000-7978d5eff000 rw-p 00000000 00:00 0 
7978d5eff000-7978d5f00000 ---p 00000000 00:00 0 
7978d5f00000-7978d5f04000 ---p 00000000 00:00 0 
7978d5f04000-7978d6000000 rw-p 00000000 00:00 0 
7978d6000000-7978d8021000 rw-p 00000000 00:00 0 
7978d8021000-7978dc000000 ---p 00000000 00:00 0 
7978dc000000-7978dc021000 rw-p 00000000 00:00 0 
7978dc021000-7978e0000000 ---p 00000000 00:00 0 
7978e0000000-7978e0021000 rw-p 00000000 00:00 0 
7978e0021000-7978e4000000 ---p 00000000 00:00 0 
7978e402d000-7978e402e000 ---p 00000000 00:00 0 
7978e402e000-7978e4032000 ---p 00000000 00:00 0 
7978e4032000-7978e412e000 rw-p 00000000 00:00 0 
7978e412e000-7978e41fc000 r-xp 00000000 00:1a 432097                     /usr/local/java/jdk-23/lib/libjsvml.so
7978e41fc000-7978e41fd000 r--p 000cd000 00:1a 432097                     /usr/local/java/jdk-23/lib/libjsvml.so
7978e41fd000-7978e41fe000 rw-p 000ce000 00:1a 432097                     /usr/local/java/jdk-23/lib/libjsvml.so
7978e41fe000-7978e41ff000 ---p 00000000 00:00 0 
7978e41ff000-7978e4203000 ---p 00000000 00:00 0 
7978e4203000-7978e42ff000 rw-p 00000000 00:00 0 
7978e42ff000-7978e4300000 ---p 00000000 00:00 0 
7978e4300000-7978e4304000 ---p 00000000 00:00 0 
7978e4304000-7978e4400000 rw-p 00000000 00:00 0 
7978e4400000-7978e49f3000 r--p 00000000 00:1a 1456249                    /usr/lib/locale/locale-archive
7978e4a1f000-7978e4a20000 ---p 00000000 00:00 0 
7978e4a20000-7978e4a24000 ---p 00000000 00:00 0 
7978e4a24000-7978e4b20000 rw-p 00000000 00:00 0 
7978e4b20000-7978e52f0000 rw-p 00000000 00:00 0 
7978e52f0000-7978ec7f0000 ---p 00000000 00:00 0 
7978ec7f0000-7978ec800000 rw-p 00000000 00:00 0 
7978ec800000-7978eca70000 rwxp 00000000 00:00 0 
7978eca70000-7978f3d37000 ---p 00000000 00:00 0 
7978f3d37000-7978f3fa7000 rwxp 00000000 00:00 0 
7978f3fa7000-7978f42c7000 ---p 00000000 00:00 0 
7978f42c7000-7978f4537000 rwxp 00000000 00:00 0 
7978f4537000-7978fb800000 ---p 00000000 00:00 0 
7978fb800000-797903fa7000 r--s 00000000 00:1a 432115                     /usr/local/java/jdk-23/lib/modules
797903fa7000-797903fae000 r--s 00000000 00:1a 1456252                    /usr/lib/gconv/gconv-modules.cache
797903fae000-797903fb6000 rw-p 00000000 00:00 0 
797903fb6000-797903fc0000 r--p 00000000 00:23 109047                     /tmp/libsylvan-java4443364009180268373.so
797903fc0000-797903fed000 r-xp 0000a000 00:23 109047                     /tmp/libsylvan-java4443364009180268373.so
797903fed000-797903ff6000 r--p 00037000 00:23 109047                     /tmp/libsylvan-java4443364009180268373.so
797903ff6000-797903ff7000 r--p 0003f000 00:23 109047                     /tmp/libsylvan-java4443364009180268373.so
797903ff7000-797903ff8000 rw-p 00040000 00:23 109047                     /tmp/libsylvan-java4443364009180268373.so
797903ff8000-7979041fc000 rw-p 00000000 00:00 0 
7979041fc000-797908000000 ---p 00000000 00:00 0 
797908002000-797908015000 r-xp 00000000 00:1a 432105                     /usr/local/java/jdk-23/lib/libnio.so
797908015000-797908016000 ---p 00013000 00:1a 432105                     /usr/local/java/jdk-23/lib/libnio.so
797908016000-797908017000 r--p 00013000 00:1a 432105                     /usr/local/java/jdk-23/lib/libnio.so
797908017000-797908018000 rw-p 00014000 00:1a 432105                     /usr/local/java/jdk-23/lib/libnio.so
797908018000-79790803a000 r--p 00000000 00:1a 1456244                    /usr/share/locale/zh_CN/LC_MESSAGES/libc.mo
79790803a000-797908078000 r-xp 00000000 00:1a 432110                     /usr/local/java/jdk-23/lib/libsimdsort.so
797908078000-797908079000 ---p 0003e000 00:1a 432110                     /usr/local/java/jdk-23/lib/libsimdsort.so
797908079000-79790807a000 r--p 0003e000 00:1a 432110                     /usr/local/java/jdk-23/lib/libsimdsort.so
79790807a000-79790807b000 rw-p 0003f000 00:1a 432110                     /usr/local/java/jdk-23/lib/libsimdsort.so
79790807b000-79790807c000 ---p 00000000 00:00 0 
79790807c000-797908080000 ---p 00000000 00:00 0 
797908080000-79790817c000 rw-p 00000000 00:00 0 
79790817c000-79790817d000 ---p 00000000 00:00 0 
79790817d000-797908181000 ---p 00000000 00:00 0 
797908181000-79790827d000 rw-p 00000000 00:00 0 
79790827d000-79790827e000 ---p 00000000 00:00 0 
79790827e000-797908282000 ---p 00000000 00:00 0 
797908282000-79790837e000 rw-p 00000000 00:00 0 
79790837e000-79790837f000 ---p 00000000 00:00 0 
79790837f000-797908383000 ---p 00000000 00:00 0 
797908383000-79790847f000 rw-p 00000000 00:00 0 
79790847f000-797908480000 ---p 00000000 00:00 0 
797908480000-797908580000 rw-p 00000000 00:00 0 
797908580000-797908581000 ---p 00000000 00:00 0 
797908581000-797908681000 rw-p 00000000 00:00 0 
797908681000-79790879e000 rw-p 00000000 00:00 0 
79790879e000-79790879f000 ---p 00000000 00:00 0 
79790879f000-79790889f000 rw-p 00000000 00:00 0 
79790889f000-7979088a0000 ---p 00000000 00:00 0 
7979088a0000-7979089a0000 rw-p 00000000 00:00 0 
7979089a0000-797908fa6000 rw-p 00000000 00:00 0 
797908fa6000-797908fa7000 ---p 00000000 00:00 0 
797908fa7000-7979090a7000 rw-p 00000000 00:00 0 
7979090a7000-7979090a8000 ---p 00000000 00:00 0 
7979090a8000-7979091a8000 rw-p 00000000 00:00 0 
7979091a8000-7979091a9000 ---p 00000000 00:00 0 
7979091a9000-7979092a9000 rw-p 00000000 00:00 0 
7979092a9000-797909463000 rw-p 00000000 00:00 0 
797909463000-79790a303000 ---p 00000000 00:00 0 
79790a303000-79790a3ff000 rw-p 00000000 00:00 0 
79790a3ff000-79790b29f000 ---p 00000000 00:00 0 
79790b29f000-79790b8eb000 rw-p 00000000 00:00 0 
79790b8eb000-79790b9d1000 ---p 00000000 00:00 0 
79790b9d1000-79790b9d6000 rw-p 00000000 00:00 0 
79790b9d6000-79790babc000 ---p 00000000 00:00 0 
79790babc000-79790badc000 r-xp 00000000 00:1a 432089                     /usr/local/java/jdk-23/lib/libjava.so
79790badc000-79790badd000 r--p 0001f000 00:1a 432089                     /usr/local/java/jdk-23/lib/libjava.so
79790badd000-79790bade000 rw-p 00020000 00:1a 432089                     /usr/local/java/jdk-23/lib/libjava.so
79790bade000-79790badf000 rw-p 00000000 00:00 0 
79790badf000-79790bafd000 r-xp 00000000 00:1a 432093                     /usr/local/java/jdk-23/lib/libjimage.so
79790bafd000-79790baff000 r--p 0001d000 00:1a 432093                     /usr/local/java/jdk-23/lib/libjimage.so
79790baff000-79790bb00000 rw-p 0001f000 00:1a 432093                     /usr/local/java/jdk-23/lib/libjimage.so
79790bb00000-79790bb04000 ---p 00000000 00:00 0 
79790bb04000-79790bc00000 rw-p 00000000 00:00 0 
79790bc00000-79790cf2f000 r-xp 00000000 00:1a 432127                     /usr/local/java/jdk-23/lib/server/libjvm.so
79790cf2f000-79790cf30000 ---p 0132f000 00:1a 432127                     /usr/local/java/jdk-23/lib/server/libjvm.so
79790cf30000-79790d000000 r--p 0132f000 00:1a 432127                     /usr/local/java/jdk-23/lib/server/libjvm.so
79790d000000-79790d02e000 rw-p 013ff000 00:1a 432127                     /usr/local/java/jdk-23/lib/server/libjvm.so
79790d02e000-79790d0a4000 rw-p 00000000 00:00 0 
79790d0a6000-79790d0a8000 rw-p 00000000 00:00 0 
79790d0a8000-79790d0b3000 r-xp 00000000 00:1a 432104                     /usr/local/java/jdk-23/lib/libnet.so
79790d0b3000-79790d0b4000 ---p 0000b000 00:1a 432104                     /usr/local/java/jdk-23/lib/libnet.so
79790d0b4000-79790d0b5000 r--p 0000b000 00:1a 432104                     /usr/local/java/jdk-23/lib/libnet.so
79790d0b5000-79790d0b6000 rw-p 0000c000 00:1a 432104                     /usr/local/java/jdk-23/lib/libnet.so
79790d0b6000-79790d0bb000 rw-p 00000000 00:00 0 
79790d0bb000-79790d0c2000 ---p 00000000 00:00 0 
79790d0c2000-79790d0d1000 r--p 00000000 00:1a 1455542                    /usr/lib/libm.so.6
79790d0d1000-79790d157000 r-xp 0000f000 00:1a 1455542                    /usr/lib/libm.so.6
79790d157000-79790d1b8000 r--p 00095000 00:1a 1455542                    /usr/lib/libm.so.6
79790d1b8000-79790d1b9000 r--p 000f6000 00:1a 1455542                    /usr/lib/libm.so.6
79790d1b9000-79790d1ba000 rw-p 000f7000 00:1a 1455542                    /usr/lib/libm.so.6
79790d1ba000-79790d1bb000 r--p 00000000 00:1a 1455564                    /usr/lib/librt.so.1
79790d1bb000-79790d1bc000 r-xp 00001000 00:1a 1455564                    /usr/lib/librt.so.1
79790d1bc000-79790d1bd000 r--p 00002000 00:1a 1455564                    /usr/lib/librt.so.1
79790d1bd000-79790d1be000 r--p 00002000 00:1a 1455564                    /usr/lib/librt.so.1
79790d1be000-79790d1bf000 rw-p 00003000 00:1a 1455564                    /usr/lib/librt.so.1
79790d1bf000-79790d1c3000 rw-p 00000000 00:00 0 
79790d1c3000-79790d1e7000 r--p 00000000 00:1a 1455532                    /usr/lib/libc.so.6
79790d1e7000-79790d357000 r-xp 00024000 00:1a 1455532                    /usr/lib/libc.so.6
79790d357000-79790d3a5000 r--p 00194000 00:1a 1455532                    /usr/lib/libc.so.6
79790d3a5000-79790d3a9000 r--p 001e1000 00:1a 1455532                    /usr/lib/libc.so.6
79790d3a9000-79790d3ab000 rw-p 001e5000 00:1a 1455532                    /usr/lib/libc.so.6
79790d3ab000-79790d3b3000 rw-p 00000000 00:00 0 
79790d3b3000-79790d3b4000 r--p 00000000 00:1a 1455559                    /usr/lib/libpthread.so.0
79790d3b4000-79790d3b5000 r-xp 00001000 00:1a 1455559                    /usr/lib/libpthread.so.0
79790d3b5000-79790d3b6000 r--p 00002000 00:1a 1455559                    /usr/lib/libpthread.so.0
79790d3b6000-79790d3b7000 r--p 00002000 00:1a 1455559                    /usr/lib/libpthread.so.0
79790d3b7000-79790d3b8000 rw-p 00003000 00:1a 1455559                    /usr/lib/libpthread.so.0
79790d3b8000-79790d3b9000 r--p 00000000 00:1a 1455537                    /usr/lib/libdl.so.2
79790d3b9000-79790d3ba000 r-xp 00001000 00:1a 1455537                    /usr/lib/libdl.so.2
79790d3ba000-79790d3bb000 r--p 00002000 00:1a 1455537                    /usr/lib/libdl.so.2
79790d3bb000-79790d3bc000 r--p 00002000 00:1a 1455537                    /usr/lib/libdl.so.2
79790d3bc000-79790d3bd000 rw-p 00003000 00:1a 1455537                    /usr/lib/libdl.so.2
79790d3bd000-79790d3c0000 r--p 00000000 00:1a 8269                       /usr/lib/libz.so.1.3.1
79790d3c0000-79790d3ce000 r-xp 00003000 00:1a 8269                       /usr/lib/libz.so.1.3.1
79790d3ce000-79790d3d4000 r--p 00011000 00:1a 8269                       /usr/lib/libz.so.1.3.1
79790d3d4000-79790d3d5000 r--p 00017000 00:1a 8269                       /usr/lib/libz.so.1.3.1
79790d3d5000-79790d3d6000 rw-p 00018000 00:1a 8269                       /usr/lib/libz.so.1.3.1
79790d3d6000-79790d3de000 rw-p 00000000 00:00 0 
79790d3de000-79790d3e6000 rw-s 00000000 00:23 109046                     /tmp/hsperfdata_augists/1404558
79790d3e6000-79790d3e7000 ---p 00000000 00:00 0 
79790d3e7000-79790d3e8000 r--p 00000000 00:00 0 
79790d3e8000-79790d3e9000 ---p 00000000 00:00 0 
79790d3e9000-79790d3f8000 r-xp 00000000 00:1a 432094                     /usr/local/java/jdk-23/lib/libjli.so
79790d3f8000-79790d3f9000 r--p 0000e000 00:1a 432094                     /usr/local/java/jdk-23/lib/libjli.so
79790d3f9000-79790d3fa000 rw-p 0000f000 00:1a 432094                     /usr/local/java/jdk-23/lib/libjli.so
79790d3fa000-79790d3fc000 rw-p 00000000 00:00 0 
79790d3fc000-79790d3fe000 r--p 00000000 00:00 0                          [vvar]
79790d3fe000-79790d400000 r--p 00000000 00:00 0                          [vvar_vclock]
79790d400000-79790d402000 r-xp 00000000 00:00 0                          [vdso]
79790d402000-79790d403000 r--p 00000000 00:1a 1455523                    /usr/lib/ld-linux-x86-64.so.2
79790d403000-79790d42c000 r-xp 00001000 00:1a 1455523                    /usr/lib/ld-linux-x86-64.so.2
79790d42c000-79790d437000 r--p 0002a000 00:1a 1455523                    /usr/lib/ld-linux-x86-64.so.2
79790d437000-79790d439000 r--p 00034000 00:1a 1455523                    /usr/lib/ld-linux-x86-64.so.2
79790d439000-79790d43a000 rw-p 00036000 00:1a 1455523                    /usr/lib/ld-linux-x86-64.so.2
79790d43a000-79790d43b000 rw-p 00000000 00:00 0 
7ffc6f99f000-7ffc6f9c0000 rw-p 00000000 00:00 0                          [stack]
ffffffffff600000-ffffffffff601000 --xp 00000000 00:00 0                  [vsyscall]
Total number of mappings: 233


VM Arguments:
jvm_args: -XX:+ShowCodeDetailsInExceptionMessages 
java_command: application.nqueen.NDDSolution
java_class_path (initial): /home/augists/PNDD/target/classes:/home/augists/PNDD/lib/jdd-111.jar:/home/augists/.m2/repository/org/openjfx/javafx-controls/15/javafx-controls-15.jar:/home/augists/.m2/repository/org/openjfx/javafx-controls/15/javafx-controls-15-linux.jar:/home/augists/.m2/repository/org/openjfx/javafx-graphics/15/javafx-graphics-15.jar:/home/augists/.m2/repository/org/openjfx/javafx-graphics/15/javafx-graphics-15-linux.jar:/home/augists/.m2/repository/org/openjfx/javafx-base/15/javafx-base-15.jar:/home/augists/.m2/repository/org/openjfx/javafx-base/15/javafx-base-15-linux.jar:/home/augists/.m2/repository/com/google/guava/guava/21.0/guava-21.0.jar:/home/augists/.m2/repository/org/apache/logging/log4j/log4j-core/2.24.3/log4j-core-2.24.3.jar:/home/augists/.m2/repository/org/apache/logging/log4j/log4j-api/2.24.3/log4j-api-2.24.3.jar:/home/augists/.m2/repository/com/carrotsearch/hppc/0.10.0/hppc-0.10.0.jar:/home/augists/.m2/repository/javax/annotation/javax.annotation-api/1.3.2/javax.annotation-api-1.3.2.jar:/home/augists/.m2/repository/com/google/code/findbugs/jsr305/3.0.2/jsr305-3.0.2.jar:/home/augists/.m2/repository/javax/validation/validation-api/1.0.0.GA/validation-api-1.0.0.GA.jar
Launcher Type: SUN_STANDARD

[Global flags]
     intx CICompilerCount                          = 3                                         {product} {ergonomic}
     uint ConcGCThreads                            = 2                                         {product} {ergonomic}
     uint G1ConcRefinementThreads                  = 6                                         {product} {ergonomic}
   size_t G1HeapRegionSize                         = 4194304                                   {product} {ergonomic}
   size_t InitialHeapSize                          = 524288000                                 {product} {ergonomic}
   size_t MarkStackSize                            = 4194304                                   {product} {ergonomic}
   size_t MarkStackSizeMax                         = 536870912                                 {product} {ergonomic}
   size_t MaxHeapSize                              = 8380219392                                {product} {ergonomic}
   size_t MaxNewSize                               = 5024776192                                {product} {ergonomic}
   size_t MinHeapDeltaBytes                        = 4194304                                   {product} {ergonomic}
   size_t MinHeapSize                              = 8388608                                   {product} {ergonomic}
    uintx NonNMethodCodeHeapSize                   = 5832704                                {pd product} {ergonomic}
    uintx NonProfiledCodeHeapSize                  = 122916864                              {pd product} {ergonomic}
    uintx ProfiledCodeHeapSize                     = 122908672                              {pd product} {ergonomic}
    uintx ReservedCodeCacheSize                    = 251658240                              {pd product} {ergonomic}
     bool SegmentedCodeCache                       = true                                      {product} {ergonomic}
     bool ShowCodeDetailsInExceptionMessages       = true                                   {manageable} {command line}
   size_t SoftMaxHeapSize                          = 8380219392                             {manageable} {ergonomic}
     bool UseCompressedOops                        = true                           {product lp64_product} {ergonomic}
     bool UseG1GC                                  = true                                      {product} {ergonomic}

Logging:
Log output configuration:
 #0: stdout all=warning uptime,level,tags foldmultilines=false
 #1: stderr all=off uptime,level,tags foldmultilines=false

Environment Variables:
JAVA_HOME=/usr/local/java/jdk-23
CLASSPATH=.:/usr/local/java/jdk-23/lib:/usr/local/java/jdk-23/jre/lib
PATH=/home/augists/.x-cmd.root/local/data/pkg/sphere/X/l/j/h/bin:/home/augists/.x-cmd.root/bin:/home/augists/.vscode-server/cli/servers/Stable-848b80aeb52026648a8ff9f7c45a9b0a80641e2e/server/bin/remote-cli:/usr/local/java/jdk-23/jre/bin:/usr/local/java/jdk-23/jre/bin:/usr/local/sbin:/usr/local/bin:/usr/bin:/usr/bin/site_perl:/usr/bin/vendor_perl:/usr/bin/core_perl:/usr/local/apache-maven-4.0.0-beta-4/bin:/usr/local/apache-maven-4.0.0-beta-4/bin:/home/augists/go/bin:/home/augists/.vscode-server/data/User/globalStorage/github.copilot-chat/debugCommand:/home/augists/go/bin
SHELL=/usr/bin/zsh
LANG=zh_CN.UTF-8
TERM=xterm-256color

Active Locale:
LC_ALL=zh_CN.UTF-8
LC_COLLATE=zh_CN.UTF-8
LC_CTYPE=zh_CN.UTF-8
LC_MESSAGES=zh_CN.UTF-8
LC_MONETARY=zh_CN.UTF-8
LC_NUMERIC=zh_CN.UTF-8
LC_TIME=zh_CN.UTF-8

Signal Handlers:
   SIGSEGV: crash_handler in libjvm.so, mask=11100100010111111101111111111110, flags=SA_RESTART|SA_SIGINFO, unblocked
    SIGBUS: crash_handler in libjvm.so, mask=11100100010111111101111111111110, flags=SA_RESTART|SA_SIGINFO, unblocked
    SIGFPE: crash_handler in libjvm.so, mask=11100100010111111101111111111110, flags=SA_RESTART|SA_SIGINFO, unblocked
   SIGPIPE: javaSignalHandler in libjvm.so, mask=11100100010111111101111111111110, flags=SA_RESTART|SA_SIGINFO, blocked
   SIGXFSZ: javaSignalHandler in libjvm.so, mask=11100100010111111101111111111110, flags=SA_RESTART|SA_SIGINFO, blocked
    SIGILL: crash_handler in libjvm.so, mask=11100100010111111101111111111110, flags=SA_RESTART|SA_SIGINFO, unblocked
   SIGUSR2: SR_handler in libjvm.so, mask=00000000000000000000000000000000, flags=SA_RESTART|SA_SIGINFO, blocked
    SIGHUP: UserHandler in libjvm.so, mask=11100100010111111101111111111110, flags=SA_RESTART|SA_SIGINFO, blocked
    SIGINT: UserHandler in libjvm.so, mask=11100100010111111101111111111110, flags=SA_RESTART|SA_SIGINFO, blocked
   SIGTERM: UserHandler in libjvm.so, mask=11100100010111111101111111111110, flags=SA_RESTART|SA_SIGINFO, blocked
   SIGQUIT: UserHandler in libjvm.so, mask=11100100010111111101111111111110, flags=SA_RESTART|SA_SIGINFO, blocked
   SIGTRAP: crash_handler in libjvm.so, mask=11100100010111111101111111111110, flags=SA_RESTART|SA_SIGINFO, unblocked


Periodic native trim disabled

---------------  S Y S T E M  ---------------

OS:
NAME="Arch Linux"
PRETTY_NAME="Arch Linux"
ID=arch
BUILD_ID=rolling
ANSI_COLOR="38;2;23;147;209"
HOME_URL="https://archlinux.org/"
DOCUMENTATION_URL="https://wiki.archlinux.org/"
SUPPORT_URL="https://bbs.archlinux.org/"
BUG_REPORT_URL="https://gitlab.archlinux.org/groups/archlinux/-/issues"
PRIVACY_POLICY_URL="https://terms.archlinux.org/docs/privacy-policy/"
LOGO=archlinux-logo
uname: Linux 6.14.4-arch1-2 #1 SMP PREEMPT_DYNAMIC Tue, 29 Apr 2025 09:23:13 +0000 x86_64
OS uptime: 28 days 1:02 hours
libc: glibc 2.41 NPTL 2.41 
rlimit (soft/hard): STACK 8192k/infinity , CORE infinity/infinity , NPROC 127298/127298 , NOFILE 524288/524288 , AS infinity/infinity , CPU infinity/infinity , DATA infinity/infinity , FSIZE infinity/infinity , MEMLOCK 8192k/8192k
load average: 0.76 0.55 0.22

/proc/meminfo:
MemTotal:       32725436 kB
MemFree:        12664280 kB
MemAvailable:   27563000 kB
Buffers:          163604 kB
Cached:         15035172 kB
SwapCached:            0 kB
Active:          9416244 kB
Inactive:        9965180 kB
Active(anon):    3882380 kB
Inactive(anon):   344672 kB
Active(file):    5533864 kB
Inactive(file):  9620508 kB
Unevictable:           0 kB
Mlocked:               0 kB
SwapTotal:             0 kB
SwapFree:              0 kB
Zswap:                 0 kB
Zswapped:              0 kB
Dirty:               708 kB
Writeback:             0 kB
AnonPages:       4164752 kB
Mapped:          3554012 kB
Shmem:             44632 kB
KReclaimable:     212576 kB
Slab:             334936 kB
SReclaimable:     212576 kB
SUnreclaim:       122360 kB
KernelStack:       13432 kB
PageTables:       156256 kB
SecPageTables:      1028 kB
NFS_Unstable:          0 kB
Bounce:                0 kB
WritebackTmp:          0 kB
CommitLimit:    16362716 kB
Committed_AS:   14106396 kB
VmallocTotal:   34359738367 kB
VmallocUsed:       69404 kB
VmallocChunk:          0 kB
Percpu:             5760 kB
HardwareCorrupted:     0 kB
AnonHugePages:   1482752 kB
ShmemHugePages:        0 kB
ShmemPmdMapped:        0 kB
FileHugePages:   7495680 kB
FilePmdMapped:    151552 kB
CmaTotal:              0 kB
CmaFree:               0 kB
Unaccepted:            0 kB
HugePages_Total:       0
HugePages_Free:        0
HugePages_Rsvd:        0
HugePages_Surp:        0
Hugepagesize:       2048 kB
Hugetlb:               0 kB
DirectMap4k:      276444 kB
DirectMap2M:    12171264 kB
DirectMap1G:    20971520 kB

/sys/kernel/mm/transparent_hugepage/enabled: [always] madvise never
/sys/kernel/mm/transparent_hugepage/hpage_pmd_size: 2097152
/sys/kernel/mm/transparent_hugepage/shmem_enabled: always within_size advise [never] deny force
/sys/kernel/mm/transparent_hugepage/defrag (defrag/compaction efforts parameter): always defer defer+madvise [madvise] never

Process Memory:
Virtual Size: 17087680K (peak: 17148844K)
Resident Set Size: 279520K (peak: 279980K) (anon: 251556K, file: 27796K, shmem: 168K)
Swapped out: 0K
C-Heap outstanding allocations: 23004K, retained: 2979K
glibc malloc tunables: (default)

/proc/sys/kernel/threads-max (system-wide limit on the number of threads): 254597
/proc/sys/vm/max_map_count (maximum number of memory map areas a process may have): 1048576
/proc/sys/vm/swappiness (control to define how aggressively the kernel swaps out anonymous memory): 60
/proc/sys/kernel/pid_max (system-wide limit on number of process identifiers): 4194304

container information not found.
Steal ticks since vm start: 0
Steal ticks percentage since vm start:  0.000

CPU: total 6 (initial active 6) (6 cores per cpu, 1 threads per core) family 6 model 158 stepping 10 microcode 0xfa, cx8, cmov, fxsr, mmx, 3dnowpref, sse, sse2, sse3, ssse3, sse4.1, sse4.2, popcnt, lzcnt, tsc, tscinvbit, avx, avx2, aes, erms, clmul, bmi1, bmi2, adx, fma, vzeroupper, clflush, clflushopt, rdtscp, f16c
CPU Model and flags from /proc/cpuinfo:
model name	: Intel(R) Core(TM) i5-8500 CPU @ 3.00GHz
flags		: fpu vme de pse tsc msr pae mce cx8 apic sep mtrr pge mca cmov pat pse36 clflush dts acpi mmx fxsr sse sse2 ss ht tm pbe syscall nx pdpe1gb rdtscp lm constant_tsc art arch_perfmon pebs bts rep_good nopl xtopology nonstop_tsc cpuid aperfmperf pni pclmulqdq dtes64 monitor ds_cpl vmx smx est tm2 ssse3 sdbg fma cx16 xtpr pdcm pcid sse4_1 sse4_2 x2apic movbe popcnt tsc_deadline_timer aes xsave avx f16c rdrand lahf_lm abm 3dnowprefetch cpuid_fault epb pti ssbd ibrs ibpb stibp tpr_shadow flexpriority ept vpid ept_ad fsgsbase tsc_adjust bmi1 avx2 smep bmi2 erms invpcid mpx rdseed adx smap clflushopt intel_pt xsaveopt xsavec xgetbv1 xsaves dtherm ida arat pln pts hwp hwp_notify hwp_act_window hwp_epp vnmi md_clear flush_l1d arch_capabilities

Online cpus: 0-5
Offline cpus: 
BIOS frequency limitation: <Not Available>
Frequency switch latency (ns): 0
Available cpu frequencies: <Not Available>
Current governor: powersave
Core performance/turbo boost: <Not Available>

Memory: 4k page, physical 32725436k(27563000k free), swap 0k(0k free)
Page Sizes: 4k

vm_info: Java HotSpot(TM) 64-Bit Server VM (23+37-2369) for linux-amd64 JRE (23+37-2369), built on 2024-08-20T16:01:23Z with gcc 13.2.0

END.
